quant,fold,test_chunks,train_chunks,calibration_chunks,calibration_positions,test_positions,temperature,method,scale,equivalent_quant_temperature,kl,js,tv,acceptance,top1_agreement,top10_overlap
Q2_K_XL,0,0+1+2+3+4+5+6+7,8,1,63,504,0.8,identity,1.009748290415137,0.7922766570578661,0.2732135508516703,0.06051237006389574,0.22266052291744262,0.7773394770825574,0.7916666666666666,0.748015873015873
Q2_K_XL,0,0+1+2+3+4+5+6+7,8,1,63,504,0.8,target-temperature,1.009748290415137,0.7922766570578661,0.27348541305738966,0.060183430866307695,0.22155689061976716,0.7784431093802329,0.7916666666666666,0.748015873015873
Q2_K_XL,0,0+1+2+3+4+5+6+7,8,1,63,504,0.8,target-temperature+entropy-token,1.009748290415137,0.7922766570578661,0.2733698280529256,0.06054084523094481,0.22338330836912842,0.7766166916308715,0.7777777777777778,0.7478174603174604
Q2_K_XL,0,0+1+2+3+4+5+6+7,8,1,63,504,0.8,target-temperature+token,1.009748290415137,0.7922766570578661,0.2775045014859787,0.06160876918322773,0.22547308941680708,0.7745269105831929,0.7757936507936508,0.7468253968253967
Q2_K_XL,0,0+1+2+3+4+5+6+7,8,1,63,504,1.0,identity,1.0380901307441903,0.9633074916944985,0.24092717048240178,0.055319260362329446,0.22312225734184188,0.7768777426581581,0.7916666666666666,0.748015873015873
Q2_K_XL,0,0+1+2+3+4+5+6+7,8,1,63,504,1.0,target-temperature,1.0380901307441903,0.9633074916944985,0.2385773863090204,0.05355908414647217,0.21729017433747122,0.7827098256625288,0.7916666666666666,0.748015873015873
Q2_K_XL,0,0+1+2+3+4+5+6+7,8,1,63,504,1.0,target-temperature+entropy-token,1.0380901307441903,0.9633074916944985,0.23674502123137087,0.053387121043727795,0.21742638096983438,0.7825736190301656,0.7777777777777778,0.7486111111111112
Q2_K_XL,0,0+1+2+3+4+5+6+7,8,1,63,504,1.0,target-temperature+token,1.0380901307441903,0.9633074916944985,0.23970205909063225,0.05432783153900894,0.22016274003775804,0.779837259962242,0.7738095238095238,0.7482142857142857
Q2_K_XL,0,0+1+2+3+4+5+6+7,8+9,2,126,504,0.8,identity,0.9798992464592862,0.8164104655562048,0.2732135508516703,0.06051237006389574,0.22266052291744262,0.7773394770825574,0.7916666666666666,0.748015873015873
Q2_K_XL,0,0+1+2+3+4+5+6+7,8+9,2,126,504,0.8,target-temperature,0.9798992464592862,0.8164104655562048,0.27354674185436945,0.06139201831738021,0.2254759561459874,0.7745240438540126,0.7916666666666666,0.748015873015873
Q2_K_XL,0,0+1+2+3+4+5+6+7,8+9,2,126,504,0.8,target-temperature+entropy-token,0.9798992464592862,0.8164104655562048,0.2754576362720919,0.06211032600043113,0.22865040668480538,0.7713495933151946,0.7817460317460317,0.7488095238095239
Q2_K_XL,0,0+1+2+3+4+5+6+7,8+9,2,126,504,0.8,target-temperature+token,0.9798992464592862,0.8164104655562048,0.2773602216731946,0.06258437089249469,0.2293504962916532,0.7706495037083468,0.7797619047619048,0.7462301587301587
Q2_K_XL,0,0+1+2+3+4+5+6+7,8+9,2,126,504,1.0,identity,1.019313934574358,0.981052025368001,0.24092717048240178,0.055319260362329446,0.22312225734184188,0.7768777426581581,0.7916666666666666,0.748015873015873
Q2_K_XL,0,0+1+2+3+4+5+6+7,8+9,2,126,504,1.0,target-temperature,1.019313934574358,0.981052025368001,0.2389361666086881,0.054244872391004645,0.219609679212948,0.780390320787052,0.7916666666666666,0.748015873015873
Q2_K_XL,0,0+1+2+3+4+5+6+7,8+9,2,126,504,1.0,target-temperature+entropy-token,1.019313934574358,0.981052025368001,0.23773342264261343,0.054277699577986435,0.22122454220337362,0.7787754577966264,0.7837301587301587,0.7490079365079365
Q2_K_XL,0,0+1+2+3+4+5+6+7,8+9,2,126,504,1.0,target-temperature+token,1.019313934574358,0.981052025368001,0.23912893203582608,0.054715681198089554,0.22215078835674038,0.7778492116432596,0.7817460317460317,0.7476190476190477
Q2_K_XL,0,0+1+2+3+4+5+6+7,8+9+10+11,4,252,504,0.8,identity,1.0047266663578651,0.7962364559308459,0.2732135508516703,0.06051237006389574,0.22266052291744262,0.7773394770825574,0.7916666666666666,0.748015873015873
Q2_K_XL,0,0+1+2+3+4+5+6+7,8+9+10+11,4,252,504,0.8,target-temperature,1.0047266663578651,0.7962364559308459,0.27331114941850343,0.060345291777675614,0.22210853080093604,0.7778914691990639,0.7916666666666666,0.748015873015873
Q2_K_XL,0,0+1+2+3+4+5+6+7,8+9+10+11,4,252,504,0.8,target-temperature+entropy-token,1.0047266663578651,0.7962364559308459,0.2722516860638366,0.06065933827861023,0.22511314096529877,0.7748868590347012,0.7936507936507936,0.7527777777777778
Q2_K_XL,0,0+1+2+3+4+5+6+7,8+9+10+11,4,252,504,0.8,target-temperature+token,1.0047266663578651,0.7962364559308459,0.2722159507570723,0.06075087896224765,0.2250607713543227,0.7749392286456773,0.7976190476190477,0.7472222222222222
Q2_K_XL,0,0+1+2+3+4+5+6+7,8+9+10+11,4,252,504,1.0,identity,1.0365886483538518,0.9647028274793901,0.24092717048240178,0.055319260362329446,0.22312225734184188,0.7768777426581581,0.7916666666666666,0.748015873015873
Q2_K_XL,0,0+1+2+3+4+5+6+7,8+9+10+11,4,252,504,1.0,target-temperature,1.0365886483538518,0.9647028274793901,0.2385515937762287,0.05360176795982134,0.2174406613770453,0.7825593386229547,0.7916666666666666,0.748015873015873
Q2_K_XL,0,0+1+2+3+4+5+6+7,8+9+10+11,4,252,504,1.0,target-temperature+entropy-token,1.0365886483538518,0.9647028274793901,0.2356141542293208,0.05347938892708275,0.21908623091728677,0.7809137690827133,0.7916666666666666,0.7515873015873017
Q2_K_XL,0,0+1+2+3+4+5+6+7,8+9+10+11,4,252,504,1.0,target-temperature+token,1.0365886483538518,0.9647028274793901,0.23556037111992492,0.05358657388969804,0.21948588626678212,0.7805141137332179,0.7936507936507936,0.7490079365079365
Q2_K_XL,0,0+1+2+3+4+5+6+7,8+9+10+11+12+13+14+15,8,504,504,0.8,identity,1.0081231485646873,0.7935538442292471,0.2732135508516703,0.06051237006389574,0.22266052291744262,0.7773394770825574,0.7916666666666666,0.748015873015873
Q2_K_XL,0,0+1+2+3+4+5+6+7,8+9+10+11+12+13+14+15,8,504,504,0.8,target-temperature,1.0081231485646873,0.7935538442292471,0.2734211649674055,0.06023408140053348,0.22173077896515303,0.778269221034847,0.7916666666666666,0.748015873015873
Q2_K_XL,0,0+1+2+3+4+5+6+7,8+9+10+11+12+13+14+15,8,504,504,0.8,target-temperature+entropy-token,1.0081231485646873,0.7935538442292471,0.2708116565538567,0.06042777653823395,0.2247839392259107,0.7752160607740893,0.7896825396825397,0.7527777777777779
Q2_K_XL,0,0+1+2+3+4+5+6+7,8+9+10+11+12+13+14+15,8,504,504,0.8,target-temperature+token,1.0081231485646873,0.7935538442292471,0.27020920640659335,0.06017704159668193,0.2232027534661996,0.7767972465338004,0.7956349206349206,0.7511904761904762
Q2_K_XL,0,0+1+2+3+4+5+6+7,8+9+10+11+12+13+14+15,8,504,504,1.0,identity,1.0393847789866677,0.9621076046302455,0.24092717048240178,0.055319260362329446,0.22312225734184188,0.7768777426581581,0.7916666666666666,0.748015873015873
Q2_K_XL,0,0+1+2+3+4+5+6+7,8+9+10+11+12+13+14+15,8,504,504,1.0,target-temperature,1.0393847789866677,0.9621076046302455,0.23860690065247048,0.05352390316507837,0.21716498418073382,0.7828350158192662,0.7916666666666666,0.748015873015873
Q2_K_XL,0,0+1+2+3+4+5+6+7,8+9+10+11+12+13+14+15,8,504,504,1.0,target-temperature+entropy-token,1.0393847789866677,0.9621076046302455,0.23515280728887383,0.05336817652389996,0.21894943570863226,0.7810505642913678,0.7936507936507936,0.7529761904761906
Q2_K_XL,0,0+1+2+3+4+5+6+7,8+9+10+11+12+13+14+15,8,504,504,1.0,target-temperature+token,1.0393847789866677,0.9621076046302455,0.23501608998031726,0.053379396914066554,0.2185061909126128,0.7814938090873872,0.7936507936507936,0.7505952380952381
Q2_K_XL,0,0+1+2+3+4+5+6+7,8+9+10+11+12+13+14+15+16+17+18+19+20+21+22+23,16,1008,504,0.8,identity,1.0017907163790298,0.7985699876433255,0.2732135508516703,0.06051237006389574,0.22266052291744262,0.7773394770825574,0.7916666666666666,0.748015873015873
Q2_K_XL,0,0+1+2+3+4+5+6+7,8+9+10+11+12+13+14+15+16+17+18+19+20+21+22+23,16,1008,504,0.8,target-temperature,1.0017907163790298,0.7985699876433255,0.2732429262249868,0.060447358961577866,0.22244664388746954,0.7775533561125305,0.7916666666666666,0.748015873015873
Q2_K_XL,0,0+1+2+3+4+5+6+7,8+9+10+11+12+13+14+15+16+17+18+19+20+21+22+23,16,1008,504,0.8,target-temperature+entropy-token,1.0017907163790298,0.7985699876433255,0.266219514697941,0.059503036062897044,0.22211986518950363,0.7778801348104963,0.7976190476190477,0.7529761904761905
Q2_K_XL,0,0+1+2+3+4+5+6+7,8+9+10+11+12+13+14+15+16+17+18+19+20+21+22+23,16,1008,504,0.8,target-temperature+token,1.0017907163790298,0.7985699876433255,0.2658433287653304,0.05936674437301266,0.2214407009221665,0.7785592990778335,0.7916666666666666,0.753968253968254
Q2_K_XL,0,0+1+2+3+4+5+6+7,8+9+10+11+12+13+14+15+16+17+18+19+20+21+22+23,16,1008,504,1.0,identity,1.0335022856712883,0.9675837333542735,0.24092717048240178,0.055319260362329446,0.22312225734184188,0.7768777426581581,0.7916666666666666,0.748015873015873
Q2_K_XL,0,0+1+2+3+4+5+6+7,8+9+10+11+12+13+14+15+16+17+18+19+20+21+22+23,16,1008,504,1.0,target-temperature,1.0335022856712883,0.9675837333542735,0.23852792871207745,0.053695986309126705,0.2177685178664563,0.7822314821335437,0.7916666666666666,0.748015873015873
Q2_K_XL,0,0+1+2+3+4+5+6+7,8+9+10+11+12+13+14+15+16+17+18+19+20+21+22+23,16,1008,504,1.0,target-temperature+entropy-token,1.0335022856712883,0.9675837333542735,0.23202827956923838,0.05285650072248664,0.21752340764746012,0.7824765923525399,0.7936507936507936,0.753968253968254
Q2_K_XL,0,0+1+2+3+4+5+6+7,8+9+10+11+12+13+14+15+16+17+18+19+20+21+22+23,16,1008,504,1.0,target-temperature+token,1.0335022856712883,0.9675837333542735,0.23224967747372585,0.052894443274536816,0.21743324912844517,0.7825667508715548,0.7857142857142857,0.7511904761904762
Q2_K_XL,0,0+1+2+3+4+5+6+7,8+9+10+11+12+13+14+15+16+17+18+19+20+21+22+23+24+25+26+27+28+29+30+31,24,1512,504,0.8,identity,0.9950572485128747,0.8039738429076416,0.2732135508516703,0.06051237006389574,0.22266052291744262,0.7773394770825574,0.7916666666666666,0.748015873015873
Q2_K_XL,0,0+1+2+3+4+5+6+7,8+9+10+11+12+13+14+15+16+17+18+19+20+21+22+23+24+25+26+27+28+29+30+31,24,1512,504,0.8,target-temperature,0.9950572485128747,0.8039738429076416,0.2731816128814191,0.060702835738310125,0.22329490578549088,0.7767050942145091,0.7916666666666666,0.748015873015873
Q2_K_XL,0,0+1+2+3+4+5+6+7,8+9+10+11+12+13+14+15+16+17+18+19+20+21+22+23+24+25+26+27+28+29+30+31,24,1512,504,0.8,target-temperature+entropy-token,0.9950572485128747,0.8039738429076416,0.263848360947476,0.05924399510056148,0.22177461323441627,0.7782253867655837,0.7936507936507936,0.7537698412698413
Q2_K_XL,0,0+1+2+3+4+5+6+7,8+9+10+11+12+13+14+15+16+17+18+19+20+21+22+23+24+25+26+27+28+29+30+31,24,1512,504,0.8,target-temperature+token,0.9950572485128747,0.8039738429076416,0.26355814436183644,0.05915679343443946,0.22123378762473425,0.7787662123752658,0.7976190476190477,0.753373015873016
Q2_K_XL,0,0+1+2+3+4+5+6+7,8+9+10+11+12+13+14+15+16+17+18+19+20+21+22+23+24+25+26+27+28+29+30+31,24,1512,504,1.0,identity,1.0280901469768742,0.9726773502698436,0.24092717048240178,0.055319260362329446,0.22312225734184188,0.7768777426581581,0.7916666666666666,0.748015873015873
Q2_K_XL,0,0+1+2+3+4+5+6+7,8+9+10+11+12+13+14+15+16+17+18+19+20+21+22+23+24+25+26+27+28+29+30+31,24,1512,504,1.0,target-temperature,1.0280901469768742,0.9726773502698436,0.23858220101257238,0.05388259937830486,0.2184010487271446,0.7815989512728554,0.7916666666666666,0.748015873015873
Q2_K_XL,0,0+1+2+3+4+5+6+7,8+9+10+11+12+13+14+15+16+17+18+19+20+21+22+23+24+25+26+27+28+29+30+31,24,1512,504,1.0,target-temperature+entropy-token,1.0280901469768742,0.9726773502698436,0.2307392930632641,0.05274444258966902,0.21733560071995256,0.7826643992800475,0.7896825396825397,0.7551587301587303
Q2_K_XL,0,0+1+2+3+4+5+6+7,8+9+10+11+12+13+14+15+16+17+18+19+20+21+22+23+24+25+26+27+28+29+30+31,24,1512,504,1.0,target-temperature+token,1.0280901469768742,0.9726773502698436,0.23071359880844874,0.052733501506797856,0.2172878835216767,0.7827121164783233,0.7896825396825397,0.7529761904761905
Q2_K_XL,1,8+9+10+11+12+13+14+15,16,1,63,504,0.8,identity,1.0078638264885627,0.7937580246204804,0.23620019257902816,0.05270919462405123,0.19855083190950357,0.8014491680904965,0.7857142857142857,0.7589285714285714
Q2_K_XL,1,8+9+10+11+12+13+14+15,16,1,63,504,0.8,target-temperature,1.0078638264885627,0.7937580246204804,0.23611058195589954,0.052435779985527196,0.19756094435438315,0.8024390556456169,0.7857142857142857,0.7589285714285714
Q2_K_XL,1,8+9+10+11+12+13+14+15,16,1,63,504,0.8,target-temperature+entropy-token,1.0078638264885627,0.7937580246204804,0.23520873728568722,0.0527105168480815,0.1987683484912904,0.8012316515087096,0.8015873015873016,0.7583333333333333
Q2_K_XL,1,8+9+10+11+12+13+14+15,16,1,63,504,0.8,target-temperature+token,1.0078638264885627,0.7937580246204804,0.23920592759650805,0.053732539412416985,0.20116175655558916,0.7988382434444108,0.8015873015873016,0.7551587301587303
Q2_K_XL,1,8+9+10+11+12+13+14+15,16,1,63,504,1.0,identity,1.0388426910218493,0.9626096507608461,0.20671188691487316,0.04802122744635765,0.20122285227438305,0.7987771477256169,0.7857142857142857,0.7589285714285714
Q2_K_XL,1,8+9+10+11+12+13+14+15,16,1,63,504,1.0,target-temperature,1.0388426910218493,0.9626096507608461,0.20353775132175253,0.04620883999129162,0.1945252074679805,0.8054747925320195,0.7857142857142857,0.7589285714285714
Q2_K_XL,1,8+9+10+11+12+13+14+15,16,1,63,504,1.0,target-temperature+entropy-token,1.0388426910218493,0.9626096507608461,0.20267354003196905,0.04632904724405897,0.19556902286523029,0.8044309771347697,0.8015873015873016,0.7581349206349207
Q2_K_XL,1,8+9+10+11+12+13+14+15,16,1,63,504,1.0,target-temperature+token,1.0388426910218493,0.9626096507608461,0.20545662777937782,0.04706707017114136,0.1974957768001736,0.8025042231998264,0.7996031746031746,0.7547619047619047
Q2_K_XL,1,8+9+10+11+12+13+14+15,16+17,2,126,504,0.8,identity,0.9955219011458984,0.8035985939426924,0.23620019257902816,0.05270919462405123,0.19855083190950357,0.8014491680904965,0.7857142857142857,0.7589285714285714
Q2_K_XL,1,8+9+10+11+12+13+14+15,16+17,2,126,504,0.8,target-temperature,0.9955219011458984,0.8035985939426924,0.23632563044504867,0.052881883799990814,0.19915223045999814,0.8008477695400018,0.7857142857142857,0.7589285714285714
Q2_K_XL,1,8+9+10+11+12+13+14+15,16+17,2,126,504,0.8,target-temperature+entropy-token,0.9955219011458984,0.8035985939426924,0.23517237030931132,0.05315847626670741,0.200491201567472,0.799508798432528,0.7956349206349206,0.7593253968253968
Q2_K_XL,1,8+9+10+11+12+13+14+15,16+17,2,126,504,0.8,target-temperature+token,0.9955219011458984,0.8035985939426924,0.23883761661528977,0.054060299016349345,0.20285192528368381,0.7971480747163162,0.7837301587301587,0.7585317460317459
Q2_K_XL,1,8+9+10+11+12+13+14+15,16+17,2,126,504,1.0,identity,1.028412785232574,0.972372197583922,0.20671188691487316,0.04802122744635765,0.20122285227438305,0.7987771477256169,0.7857142857142857,0.7589285714285714
Q2_K_XL,1,8+9+10+11+12+13+14+15,16+17,2,126,504,1.0,target-temperature,1.028412785232574,0.972372197583922,0.20377628642669396,0.04655467498334956,0.19597728707137163,0.8040227129286284,0.7857142857142857,0.7589285714285714
Q2_K_XL,1,8+9+10+11+12+13+14+15,16+17,2,126,504,1.0,target-temperature+entropy-token,1.028412785232574,0.972372197583922,0.20269043824398775,0.04670018840395566,0.19720319077295864,0.8027968092270413,0.7817460317460317,0.7587301587301587
Q2_K_XL,1,8+9+10+11+12+13+14+15,16+17,2,126,504,1.0,target-temperature+token,1.028412785232574,0.972372197583922,0.2050334679502085,0.04729741531232844,0.19883302755711374,0.8011669724428863,0.7876984126984127,0.758531746031746
Q2_K_XL,1,8+9+10+11+12+13+14+15,16+17+18+19,4,252,504,0.8,identity,1.0028627922842754,0.7977163039200968,0.23620019257902816,0.05270919462405123,0.19855083190950357,0.8014491680904965,0.7857142857142857,0.7589285714285714
Q2_K_XL,1,8+9+10+11+12+13+14+15,16+17+18+19,4,252,504,0.8,target-temperature,1.0028627922842754,0.7977163039200968,0.2361485093597849,0.05260532253546888,0.1981806510982885,0.8018193489017115,0.7857142857142857,0.7589285714285714
Q2_K_XL,1,8+9+10+11+12+13+14+15,16+17+18+19,4,252,504,0.8,target-temperature+entropy-token,1.0028627922842754,0.7977163039200968,0.23567374553107492,0.053112298861119116,0.20064755493299327,0.7993524450670068,0.7896825396825397,0.7563492063492063
Q2_K_XL,1,8+9+10+11+12+13+14+15,16+17+18+19,4,252,504,0.8,target-temperature+token,1.0028627922842754,0.7977163039200968,0.23591432792290512,0.053154864035539685,0.20114627248764488,0.7988537275123551,0.7857142857142857,0.7567460317460317
Q2_K_XL,1,8+9+10+11+12+13+14+15,16+17+18+19,4,252,504,1.0,identity,1.0300264655821296,0.9708488406992922,0.20671188691487316,0.04802122744635765,0.20122285227438305,0.7987771477256169,0.7857142857142857,0.7589285714285714
Q2_K_XL,1,8+9+10+11+12+13+14+15,16+17+18+19,4,252,504,1.0,target-temperature,1.0300264655821296,0.9708488406992922,0.2037111769642966,0.04649479369595024,0.1957362439746046,0.8042637560253953,0.7857142857142857,0.7589285714285714
Q2_K_XL,1,8+9+10+11+12+13+14+15,16+17+18+19,4,252,504,1.0,target-temperature+entropy-token,1.0300264655821296,0.9708488406992922,0.2026450542072585,0.04665317257255328,0.1971997666062721,0.8028002333937279,0.7936507936507936,0.7575396825396825
Q2_K_XL,1,8+9+10+11+12+13+14+15,16+17+18+19,4,252,504,1.0,target-temperature+token,1.0300264655821296,0.9708488406992922,0.2033023070738391,0.04684090735918289,0.19803812860670536,0.8019618713932947,0.7837301587301587,0.7561507936507936
Q2_K_XL,1,8+9+10+11+12+13+14+15,16+17+18+19+20+21+22+23,8,504,504,0.8,identity,0.9963952317721192,0.8028942476743649,0.23620019257902816,0.05270919462405123,0.19855083190950357,0.8014491680904965,0.7857142857142857,0.7589285714285714
Q2_K_XL,1,8+9+10+11+12+13+14+15,16+17+18+19+20+21+22+23,8,504,504,0.8,target-temperature,0.9963952317721192,0.8028942476743649,0.2362968599726987,0.05284723518717435,0.19903308745311654,0.8009669125468835,0.7857142857142857,0.7589285714285714
Q2_K_XL,1,8+9+10+11+12+13+14+15,16+17+18+19+20+21+22+23,8,504,504,0.8,target-temperature+entropy-token,0.9963952317721192,0.8028942476743649,0.23646159436147163,0.05346722379632417,0.20131148167614096,0.798688518323859,0.8055555555555556,0.7613095238095239
Q2_K_XL,1,8+9+10+11+12+13+14+15,16+17+18+19+20+21+22+23,8,504,504,0.8,target-temperature+token,0.9963952317721192,0.8028942476743649,0.2346758239909498,0.05299331345868738,0.20044231192442505,0.7995576880755749,0.7936507936507936,0.7603174603174604
Q2_K_XL,1,8+9+10+11+12+13+14+15,16+17+18+19+20+21+22+23,8,504,504,1.0,identity,1.0283168837416012,0.9724628816376443,0.20671188691487316,0.04802122744635765,0.20122285227438305,0.7987771477256169,0.7857142857142857,0.7589285714285714
Q2_K_XL,1,8+9+10+11+12+13+14+15,16+17+18+19+20+21+22+23,8,504,504,1.0,target-temperature,1.0283168837416012,0.9724628816376443,0.20378047020106727,0.04655831384291836,0.19599188763895076,0.8040081123610492,0.7857142857142857,0.7589285714285714
Q2_K_XL,1,8+9+10+11+12+13+14+15,16+17+18+19+20+21+22+23,8,504,504,1.0,target-temperature+entropy-token,1.0283168837416012,0.9724628816376443,0.20429006326456522,0.04707815772223245,0.19816835139096248,0.8018316486090376,0.7936507936507936,0.7589285714285714
Q2_K_XL,1,8+9+10+11+12+13+14+15,16+17+18+19+20+21+22+23,8,504,504,1.0,target-temperature+token,1.0283168837416012,0.9724628816376443,0.20205711071760143,0.04654151507685987,0.19700001369382955,0.8029999863061704,0.7837301587301587,0.7589285714285714
Q2_K_XL,1,8+9+10+11+12+13+14+15,16+17+18+19+20+21+22+23+24+25+26+27+28+29+30+31,16,1008,504,0.8,identity,0.9897227834411413,0.808307147601979,0.23620019257902816,0.05270919462405123,0.19855083190950357,0.8014491680904965,0.7857142857142857,0.7589285714285714
Q2_K_XL,1,8+9+10+11+12+13+14+15,16+17+18+19+20+21+22+23+24+25+26+27+28+29+30+31,16,1008,504,0.8,target-temperature,0.9897227834411413,0.808307147601979,0.23657038569212946,0.053124501812906795,0.19996866969002833,0.8000313303099716,0.7857142857142857,0.7589285714285714
Q2_K_XL,1,8+9+10+11+12+13+14+15,16+17+18+19+20+21+22+23+24+25+26+27+28+29+30+31,16,1008,504,0.8,target-temperature+entropy-token,0.9897227834411413,0.808307147601979,0.23459509857339558,0.05303215427912746,0.20103706336884364,0.7989629366311564,0.7876984126984127,0.7607142857142857
Q2_K_XL,1,8+9+10+11+12+13+14+15,16+17+18+19+20+21+22+23+24+25+26+27+28+29+30+31,16,1008,504,0.8,target-temperature+token,0.9897227834411413,0.808307147601979,0.23289935936726117,0.05251764783644868,0.2001475474407709,0.7998524525592291,0.7896825396825397,0.7615079365079366
Q2_K_XL,1,8+9+10+11+12+13+14+15,16+17+18+19+20+21+22+23+24+25+26+27+28+29+30+31,16,1008,504,1.0,identity,1.0232809454159617,0.9772487257578142,0.20671188691487316,0.04802122744635765,0.20122285227438305,0.7987771477256169,0.7857142857142857,0.7589285714285714
Q2_K_XL,1,8+9+10+11+12+13+14+15,16+17+18+19+20+21+22+23+24+25+26+27+28+29+30+31,16,1008,504,1.0,target-temperature,1.0232809454159617,0.9772487257578142,0.2040534517681379,0.04676108090277169,0.19677985319779667,0.8032201468022033,0.7857142857142857,0.7589285714285714
Q2_K_XL,1,8+9+10+11+12+13+14+15,16+17+18+19+20+21+22+23+24+25+26+27+28+29+30+31,16,1008,504,1.0,target-temperature+entropy-token,1.0232809454159617,0.9772487257578142,0.20231491546806027,0.04666679250539389,0.19791613696410393,0.8020838630358961,0.7916666666666666,0.7603174603174603
Q2_K_XL,1,8+9+10+11+12+13+14+15,16+17+18+19+20+21+22+23+24+25+26+27+28+29+30+31,16,1008,504,1.0,target-temperature+token,1.0232809454159617,0.9772487257578142,0.20070161547341236,0.04622191178411019,0.19675114512274233,0.8032488548772576,0.7896825396825397,0.7613095238095239
Q2_K_XL,1,8+9+10+11+12+13+14+15,16+17+18+19+20+21+22+23+24+25+26+27+28+29+30+31+0+1+2+3+4+5+6+7,24,1512,504,0.8,identity,0.9914524823459229,0.80689696606244,0.23620019257902816,0.05270919462405123,0.19855083190950357,0.8014491680904965,0.7857142857142857,0.7589285714285714
Q2_K_XL,1,8+9+10+11+12+13+14+15,16+17+18+19+20+21+22+23+24+25+26+27+28+29+30+31+0+1+2+3+4+5+6+7,24,1512,504,0.8,target-temperature,0.9914524823459229,0.80689696606244,0.2364875626685987,0.05304984482239993,0.19972098191133064,0.8002790180886694,0.7857142857142857,0.7589285714285714
Q2_K_XL,1,8+9+10+11+12+13+14+15,16+17+18+19+20+21+22+23+24+25+26+27+28+29+30+31+0+1+2+3+4+5+6+7,24,1512,504,0.8,target-temperature+entropy-token,0.9914524823459229,0.80689696606244,0.23477411995041,0.05316595125496685,0.2015246777813028,0.7984753222186972,0.7956349206349206,0.7617063492063492
Q2_K_XL,1,8+9+10+11+12+13+14+15,16+17+18+19+20+21+22+23+24+25+26+27+28+29+30+31+0+1+2+3+4+5+6+7,24,1512,504,0.8,target-temperature+token,0.9914524823459229,0.80689696606244,0.23367072576208814,0.05271618036476235,0.20064161510753822,0.7993583848924618,0.7857142857142857,0.7595238095238094
Q2_K_XL,1,8+9+10+11+12+13+14+15,16+17+18+19+20+21+22+23+24+25+26+27+28+29+30+31+0+1+2+3+4+5+6+7,24,1512,504,1.0,identity,1.026347383896415,0.9743289803142576,0.20671188691487316,0.04802122744635765,0.20122285227438305,0.7987771477256169,0.7857142857142857,0.7589285714285714
Q2_K_XL,1,8+9+10+11+12+13+14+15,16+17+18+19+20+21+22+23+24+25+26+27+28+29+30+31+0+1+2+3+4+5+6+7,24,1512,504,1.0,target-temperature,1.026347383896415,0.9743289803142576,0.20387496220696666,0.046634813133176786,0.1962948308646807,0.8037051691353193,0.7857142857142857,0.7589285714285714
Q2_K_XL,1,8+9+10+11+12+13+14+15,16+17+18+19+20+21+22+23+24+25+26+27+28+29+30+31+0+1+2+3+4+5+6+7,24,1512,504,1.0,target-temperature+entropy-token,1.026347383896415,0.9743289803142576,0.20260431383442823,0.046736644374061956,0.19814164154486785,0.8018583584551322,0.7857142857142857,0.758531746031746
Q2_K_XL,1,8+9+10+11+12+13+14+15,16+17+18+19+20+21+22+23+24+25+26+27+28+29+30+31+0+1+2+3+4+5+6+7,24,1512,504,1.0,target-temperature+token,1.026347383896415,0.9743289803142576,0.201295080911385,0.046349668698627604,0.19708107117104293,0.8029189288289571,0.7876984126984127,0.7569444444444444
Q2_K_XL,2,16+17+18+19+20+21+22+23,24,1,63,504,0.8,identity,0.9832873109500705,0.8135974003641165,0.24682815285956847,0.05446348756490667,0.21029588938318694,0.789704110616813,0.7400793650793651,0.7742063492063493
Q2_K_XL,2,16+17+18+19+20+21+22+23,24,1,63,504,0.8,target-temperature,0.9832873109500705,0.8135974003641165,0.24709077208463204,0.055107569064903925,0.21258940180062036,0.7874105981993796,0.7400793650793651,0.7742063492063493
Q2_K_XL,2,16+17+18+19+20+21+22+23,24,1,63,504,0.8,target-temperature+entropy-token,0.9832873109500705,0.8135974003641165,0.252188765394377,0.056759883725982084,0.21785019862551008,0.7821498013744899,0.748015873015873,0.7728174603174603
Q2_K_XL,2,16+17+18+19+20+21+22+23,24,1,63,504,0.8,target-temperature+token,0.9832873109500705,0.8135974003641165,0.2601966712943161,0.058784449042516174,0.22347697243921652,0.7765230275607835,0.75,0.7718253968253969
Q2_K_XL,2,16+17+18+19+20+21+22+23,24,1,63,504,1.0,identity,1.0214777455018331,0.97897384882205,0.20689404047637558,0.04776397219135351,0.20661873681678522,0.7933812631832148,0.7400793650793651,0.7742063492063493
Q2_K_XL,2,16+17+18+19+20+21+22+23,24,1,63,504,1.0,target-temperature,1.0214777455018331,0.97897384882205,0.2051312628697223,0.04677557178019599,0.20283191246221938,0.7971680875377807,0.7400793650793651,0.7742063492063493
Q2_K_XL,2,16+17+18+19+20+21+22+23,24,1,63,504,1.0,target-temperature+entropy-token,1.0214777455018331,0.97897384882205,0.20920619053855002,0.0481316083108606,0.20856587993388068,0.7914341200661194,0.7440476190476191,0.776388888888889
Q2_K_XL,2,16+17+18+19+20+21+22+23,24,1,63,504,1.0,target-temperature+token,1.0214777455018331,0.97897384882205,0.2143313502582613,0.049459012363204886,0.21245126162457814,0.7875487383754218,0.751984126984127,0.7714285714285715
Q2_K_XL,2,16+17+18+19+20+21+22+23,24+25,2,126,504,0.8,identity,0.9962059866435106,0.8030467701719181,0.24682815285956847,0.05446348756490667,0.21029588938318694,0.789704110616813,0.7400793650793651,0.7742063492063493
Q2_K_XL,2,16+17+18+19+20+21+22+23,24+25,2,126,504,0.8,target-temperature,0.9962059866435106,0.8030467701719181,0.24680970429854493,0.05459182912313005,0.2107706147477392,0.7892293852522608,0.7400793650793651,0.7742063492063493
Q2_K_XL,2,16+17+18+19+20+21+22+23,24+25,2,126,504,0.8,target-temperature+entropy-token,0.9962059866435106,0.8030467701719181,0.25541053347113135,0.057014473720143434,0.21788703032675874,0.7821129696732413,0.7400793650793651,0.7690476190476191
Q2_K_XL,2,16+17+18+19+20+21+22+23,24+25,2,126,504,0.8,target-temperature+token,0.9962059866435106,0.8030467701719181,0.2572438557649548,0.057386434518295774,0.21851733372264673,0.7814826662773533,0.7400793650793651,0.7694444444444444
Q2_K_XL,2,16+17+18+19+20+21+22+23,24+25,2,126,504,1.0,identity,1.0352959741626022,0.9659073588196349,0.20689404047637558,0.04776397219135351,0.20661873681678522,0.7933812631832148,0.7400793650793651,0.7742063492063493
Q2_K_XL,2,16+17+18+19+20+21+22+23,24+25,2,126,504,1.0,target-temperature,1.0352959741626022,0.9659073588196349,0.20512565505094474,0.046397830486979624,0.2012696709175471,0.7987303290824529,0.7400793650793651,0.7742063492063493
Q2_K_XL,2,16+17+18+19+20+21+22+23,24+25,2,126,504,1.0,target-temperature+entropy-token,1.0352959741626022,0.9659073588196349,0.20794373231841573,0.04749183670918185,0.2055191190413877,0.7944808809586124,0.746031746031746,0.772420634920635
Q2_K_XL,2,16+17+18+19+20+21+22+23,24+25,2,126,504,1.0,target-temperature+token,1.0352959741626022,0.9659073588196349,0.2117656533310288,0.04839658322488944,0.20836447680258494,0.791635523197415,0.7440476190476191,0.7694444444444445
Q2_K_XL,2,16+17+18+19+20+21+22+23,24+25+26+27,4,252,504,0.8,identity,0.9832223529709214,0.8136511518302105,0.24682815285956847,0.05446348756490667,0.21029588938318694,0.789704110616813,0.7400793650793651,0.7742063492063493
Q2_K_XL,2,16+17+18+19+20+21+22+23,24+25+26+27,4,252,504,0.8,target-temperature,0.9832223529709214,0.8136511518302105,0.24709355817758982,0.055110482843131664,0.21259928188299684,0.7874007181170032,0.7400793650793651,0.7742063492063493
Q2_K_XL,2,16+17+18+19+20+21+22+23,24+25+26+27,4,252,504,0.8,target-temperature+entropy-token,0.9832223529709214,0.8136511518302105,0.25231004298747656,0.05662402827042317,0.21769641353902774,0.7823035864609722,0.7420634920634921,0.7700396825396826
Q2_K_XL,2,16+17+18+19+20+21+22+23,24+25+26+27,4,252,504,0.8,target-temperature+token,0.9832223529709214,0.8136511518302105,0.25216931158460615,0.05651315122255555,0.21706152273523796,0.7829384772647621,0.75,0.7714285714285715
Q2_K_XL,2,16+17+18+19+20+21+22+23,24+25+26+27,4,252,504,1.0,identity,1.0227487260452393,0.9777572677766083,0.20689404047637558,0.04776397219135351,0.20661873681678522,0.7933812631832148,0.7400793650793651,0.7742063492063493
Q2_K_XL,2,16+17+18+19+20+21+22+23,24+25+26+27,4,252,504,1.0,target-temperature,1.0227487260452393,0.9777572677766083,0.20509496527787027,0.046732772816841454,0.2026607196591887,0.7973392803408113,0.7400793650793651,0.7742063492063493
Q2_K_XL,2,16+17+18+19+20+21+22+23,24+25+26+27,4,252,504,1.0,target-temperature+entropy-token,1.0227487260452393,0.9777572677766083,0.2076765492827199,0.04771094880694212,0.20734134641720126,0.7926586535827987,0.753968253968254,0.7718253968253969
Q2_K_XL,2,16+17+18+19+20+21+22+23,24+25+26+27,4,252,504,1.0,target-temperature+token,1.0227487260452393,0.9777572677766083,0.20855528716909913,0.047899600048818713,0.20757273386539415,0.7924272661346059,0.75,0.7706349206349206
Q2_K_XL,2,16+17+18+19+20+21+22+23,24+25+26+27+28+29+30+31,8,504,504,0.8,identity,0.9835902900384892,0.8133467848373076,0.24682815285956847,0.05446348756490667,0.21029588938318694,0.789704110616813,0.7400793650793651,0.7742063492063493
Q2_K_XL,2,16+17+18+19+20+21+22+23,24+25+26+27+28+29+30+31,8,504,504,0.8,target-temperature,0.9835902900384892,0.8133467848373076,0.24707799854830242,0.05509402853780312,0.2125433555398479,0.7874566444601521,0.7400793650793651,0.7742063492063493
Q2_K_XL,2,16+17+18+19+20+21+22+23,24+25+26+27+28+29+30+31,8,504,504,0.8,target-temperature+entropy-token,0.9835902900384892,0.8133467848373076,0.249521554900924,0.05593405153276835,0.21541363846161346,0.7845863615383866,0.7361111111111112,0.7704365079365079
Q2_K_XL,2,16+17+18+19+20+21+22+23,24+25+26+27+28+29+30+31,8,504,504,0.8,target-temperature+token,0.9835902900384892,0.8133467848373076,0.24970729524888777,0.055761124556243755,0.21501304989543776,0.7849869501045622,0.753968253968254,0.7740079365079365
Q2_K_XL,2,16+17+18+19+20+21+22+23,24+25+26+27+28+29+30+31,8,504,504,1.0,identity,1.0186114352291102,0.9817286213511592,0.20689404047637558,0.04776397219135351,0.20661873681678522,0.7933812631832148,0.7400793650793651,0.7742063492063493
Q2_K_XL,2,16+17+18+19+20+21+22+23,24+25+26+27+28+29+30+31,8,504,504,1.0,target-temperature,1.0186114352291102,0.9817286213511592,0.2052402736197629,0.04687837163032241,0.2032507376931342,0.7967492623068658,0.7400793650793651,0.7742063492063493
Q2_K_XL,2,16+17+18+19+20+21+22+23,24+25+26+27+28+29+30+31,8,504,504,1.0,target-temperature+entropy-token,1.0186114352291102,0.9817286213511592,0.2063319568214721,0.04740782427831207,0.20599651592056034,0.7940034840794397,0.748015873015873,0.7726190476190475
Q2_K_XL,2,16+17+18+19+20+21+22+23,24+25+26+27+28+29+30+31,8,504,504,1.0,target-temperature+token,1.0186114352291102,0.9817286213511592,0.20675797069019436,0.04745915008582249,0.2061593376749356,0.7938406623250645,0.7559523809523809,0.7740079365079365
Q2_K_XL,2,16+17+18+19+20+21+22+23,24+25+26+27+28+29+30+31+0+1+2+3+4+5+6+7,16,1008,504,0.8,identity,0.9890280367091165,0.8088749462168062,0.24682815285956847,0.05446348756490667,0.21029588938318694,0.789704110616813,0.7400793650793651,0.7742063492063493
Q2_K_XL,2,16+17+18+19+20+21+22+23,24+25+26+27+28+29+30+31+0+1+2+3+4+5+6+7,16,1008,504,0.8,target-temperature,0.9890280367091165,0.8088749462168062,0.24689928665571598,0.05486304623686247,0.21174186451820254,0.7882581354817975,0.7400793650793651,0.7742063492063493
Q2_K_XL,2,16+17+18+19+20+21+22+23,24+25+26+27+28+29+30+31+0+1+2+3+4+5+6+7,16,1008,504,0.8,target-temperature+entropy-token,0.9890280367091165,0.8088749462168062,0.2505146672161637,0.05572914981998912,0.21497800273233758,0.7850219972676624,0.7400793650793651,0.7724206349206351
Q2_K_XL,2,16+17+18+19+20+21+22+23,24+25+26+27+28+29+30+31+0+1+2+3+4+5+6+7,16,1008,504,0.8,target-temperature+token,0.9890280367091165,0.8088749462168062,0.2500722068113415,0.05570596227056422,0.21501913218067814,0.7849808678193219,0.7420634920634921,0.7718253968253969
Q2_K_XL,2,16+17+18+19+20+21+22+23,24+25+26+27+28+29+30+31+0+1+2+3+4+5+6+7,16,1008,504,1.0,identity,1.025373626566201,0.9752542625353326,0.20689404047637558,0.04776397219135351,0.20661873681678522,0.7933812631832148,0.7400793650793651,0.7742063492063493
Q2_K_XL,2,16+17+18+19+20+21+22+23,24+25+26+27+28+29+30+31+0+1+2+3+4+5+6+7,16,1008,504,1.0,target-temperature,1.025373626566201,0.9752542625353326,0.2050434692451052,0.04664962704595245,0.2023287929862399,0.7976712070137602,0.7400793650793651,0.7742063492063493
Q2_K_XL,2,16+17+18+19+20+21+22+23,24+25+26+27+28+29+30+31+0+1+2+3+4+5+6+7,16,1008,504,1.0,target-temperature+entropy-token,1.025373626566201,0.9752542625353326,0.2067990214108437,0.047400028893232755,0.20581271146595156,0.7941872885340484,0.748015873015873,0.7720238095238096
Q2_K_XL,2,16+17+18+19+20+21+22+23,24+25+26+27+28+29+30+31+0+1+2+3+4+5+6+7,16,1008,504,1.0,target-temperature+token,1.025373626566201,0.9752542625353326,0.2072820368465915,0.04746764133626259,0.20608083709408848,0.7939191629059115,0.751984126984127,0.773015873015873
Q2_K_XL,2,16+17+18+19+20+21+22+23,24+25+26+27+28+29+30+31+0+1+2+3+4+5+6+7+8+9+10+11+12+13+14+15,24,1512,504,0.8,identity,0.9946585081653229,0.8042961412712628,0.24682815285956847,0.05446348756490667,0.21029588938318694,0.789704110616813,0.7400793650793651,0.7742063492063493
Q2_K_XL,2,16+17+18+19+20+21+22+23,24+25+26+27+28+29+30+31+0+1+2+3+4+5+6+7+8+9+10+11+12+13+14+15,24,1512,504,0.8,target-temperature,0.9946585081653229,0.8042961412712628,0.24681514464755347,0.05464711816473022,0.21097152518703094,0.789028474812969,0.7400793650793651,0.7742063492063493
Q2_K_XL,2,16+17+18+19+20+21+22+23,24+25+26+27+28+29+30+31+0+1+2+3+4+5+6+7+8+9+10+11+12+13+14+15,24,1512,504,0.8,target-temperature+entropy-token,0.9946585081653229,0.8042961412712628,0.2506583021330164,0.055604403995232136,0.21444642737490915,0.7855535726250908,0.7361111111111112,0.7722222222222224
Q2_K_XL,2,16+17+18+19+20+21+22+23,24+25+26+27+28+29+30+31+0+1+2+3+4+5+6+7+8+9+10+11+12+13+14+15,24,1512,504,0.8,target-temperature+token,0.9946585081653229,0.8042961412712628,0.2498429189853675,0.055449245397322024,0.21420004116562125,0.7857999588343787,0.746031746031746,0.7714285714285715
Q2_K_XL,2,16+17+18+19+20+21+22+23,24+25+26+27+28+29+30+31+0+1+2+3+4+5+6+7+8+9+10+11+12+13+14+15,24,1512,504,1.0,identity,1.0296383320160254,0.971214812915916,0.20689404047637558,0.04776397219135351,0.20661873681678522,0.7933812631832148,0.7400793650793651,0.7742063492063493
Q2_K_XL,2,16+17+18+19+20+21+22+23,24+25+26+27+28+29+30+31+0+1+2+3+4+5+6+7+8+9+10+11+12+13+14+15,24,1512,504,1.0,target-temperature,1.0296383320160254,0.971214812915916,0.2050254635543232,0.046529420799669104,0.20183719100878944,0.7981628089912105,0.7400793650793651,0.7742063492063493
Q2_K_XL,2,16+17+18+19+20+21+22+23,24+25+26+27+28+29+30+31+0+1+2+3+4+5+6+7+8+9+10+11+12+13+14+15,24,1512,504,1.0,target-temperature+entropy-token,1.0296383320160254,0.971214812915916,0.20724124542498934,0.04738056612190381,0.20579402778752237,0.7942059722124777,0.746031746031746,0.772420634920635
Q2_K_XL,2,16+17+18+19+20+21+22+23,24+25+26+27+28+29+30+31+0+1+2+3+4+5+6+7+8+9+10+11+12+13+14+15,24,1512,504,1.0,target-temperature+token,1.0296383320160254,0.971214812915916,0.20715859614691517,0.04731949970675761,0.2054327062620677,0.7945672937379323,0.75,0.773015873015873
Q2_K_XL,3,24+25+26+27+28+29+30+31,0,1,63,504,0.8,identity,0.9901295046027102,0.8079751146502804,0.2777993421563574,0.06090730591936331,0.2304762994582912,0.7695237005417088,0.7757936507936508,0.7476190476190476
Q2_K_XL,3,24+25+26+27+28+29+30+31,0,1,63,504,0.8,target-temperature,0.9901295046027102,0.8079751146502804,0.2774164827119529,0.06121170129633138,0.23178046619933945,0.7682195338006605,0.7757936507936508,0.7476190476190476
Q2_K_XL,3,24+25+26+27+28+29+30+31,0,1,63,504,0.8,target-temperature+entropy-token,0.9901295046027102,0.8079751146502804,0.2941601888626689,0.06542578770326686,0.24309049109360822,0.7569095089063917,0.7817460317460317,0.7454365079365081
Q2_K_XL,3,24+25+26+27+28+29+30+31,0,1,63,504,0.8,target-temperature+token,0.9901295046027102,0.8079751146502804,0.3134437252544417,0.06994889953149235,0.25408141212384067,0.7459185878761594,0.7559523809523809,0.7386904761904762
Q2_K_XL,3,24+25+26+27+28+29+30+31,0,1,63,504,1.0,identity,1.0474343419274332,0.9547137801113652,0.23135197366611956,0.053077387179971285,0.22524132477106862,0.7747586752289314,0.7757936507936508,0.7476190476190476
Q2_K_XL,3,24+25+26+27+28+29+30+31,0,1,63,504,1.0,target-temperature,1.0474343419274332,0.9547137801113652,0.23240766863102816,0.051877669659141985,0.21922383953599256,0.7807761604640074,0.7757936507936508,0.7476190476190476
Q2_K_XL,3,24+25+26+27+28+29+30+31,0,1,63,504,1.0,target-temperature+entropy-token,1.0474343419274332,0.9547137801113652,0.24129808286780313,0.0543411620882551,0.22695087268524125,0.7730491273147587,0.7777777777777778,0.746031746031746
Q2_K_XL,3,24+25+26+27+28+29+30+31,0,1,63,504,1.0,target-temperature+token,1.0474343419274332,0.9547137801113652,0.25068408251576735,0.056730738366264445,0.23458465201041517,0.7654153479895849,0.7777777777777778,0.7430555555555556
Q2_K_XL,3,24+25+26+27+28+29+30+31,0+1,2,126,504,0.8,identity,1.0029709023471658,0.7976303182154432,0.2777993421563574,0.06090730591936331,0.2304762994582912,0.7695237005417088,0.7757936507936508,0.7476190476190476
Q2_K_XL,3,24+25+26+27+28+29+30+31,0+1,2,126,504,0.8,target-temperature,1.0029709023471658,0.7976303182154432,0.2779777919378112,0.0608296869316398,0.23011875307405363,0.7698812469259464,0.7757936507936508,0.7476190476190476
Q2_K_XL,3,24+25+26+27+28+29+30+31,0+1,2,126,504,0.8,target-temperature+entropy-token,1.0029709023471658,0.7976303182154432,0.290154363905366,0.06411773923761813,0.23924643882881694,0.7607535611711831,0.7757936507936508,0.7454365079365081
Q2_K_XL,3,24+25+26+27+28+29+30+31,0+1,2,126,504,0.8,target-temperature+token,1.0029709023471658,0.7976303182154432,0.29573631150726704,0.0655170278633941,0.24253099450875235,0.7574690054912476,0.7738095238095238,0.7434523809523811
Q2_K_XL,3,24+25+26+27+28+29+30+31,0+1,2,126,504,1.0,identity,1.05265897982371,0.949975271352809,0.23135197366611956,0.053077387179971285,0.22524132477106862,0.7747586752289314,0.7757936507936508,0.7476190476190476
Q2_K_XL,3,24+25+26+27+28+29+30+31,0+1,2,126,504,1.0,target-temperature,1.05265897982371,0.949975271352809,0.23316033224917135,0.051884999760094586,0.21900773470007975,0.7809922652999203,0.7757936507936508,0.7476190476190476
Q2_K_XL,3,24+25+26+27+28+29+30+31,0+1,2,126,504,1.0,target-temperature+entropy-token,1.05265897982371,0.949975271352809,0.23786165345160362,0.05345950787883368,0.22455892332959232,0.7754410766704076,0.7777777777777778,0.7476190476190477
Q2_K_XL,3,24+25+26+27+28+29+30+31,0+1,2,126,504,1.0,target-temperature+token,1.05265897982371,0.949975271352809,0.23938640005389827,0.05409114282570911,0.2267995520508102,0.7732004479491899,0.7777777777777778,0.748015873015873
Q2_K_XL,3,24+25+26+27+28+29+30+31,0+1+2+3,4,252,504,0.8,identity,1.0006257182848601,0.7994997383949455,0.2777993421563574,0.06090730591936331,0.2304762994582912,0.7695237005417088,0.7757936507936508,0.7476190476190476
Q2_K_XL,3,24+25+26+27+28+29+30+31,0+1+2+3,4,252,504,0.8,target-temperature,1.0006257182848601,0.7994997383949455,0.27783456953378455,0.060890430790960764,0.23039888063341268,0.7696011193665873,0.7757936507936508,0.7476190476190476
Q2_K_XL,3,24+25+26+27+28+29+30+31,0+1+2+3,4,252,504,0.8,target-temperature+entropy-token,1.0006257182848601,0.7994997383949455,0.2881952623016262,0.06381840665365303,0.23849737955489608,0.7615026204451039,0.7718253968253969,0.7440476190476191
Q2_K_XL,3,24+25+26+27+28+29+30+31,0+1+2+3,4,252,504,0.8,target-temperature+token,1.0006257182848601,0.7994997383949455,0.29057827429952404,0.06413901829476404,0.23814872398021533,0.7618512760197846,0.7837301587301587,0.7458333333333333
Q2_K_XL,3,24+25+26+27+28+29+30+31,0+1+2+3,4,252,504,1.0,identity,1.0450171652935376,0.9569220805278422,0.23135197366611956,0.053077387179971285,0.22524132477106862,0.7747586752289314,0.7757936507936508,0.7476190476190476
Q2_K_XL,3,24+25+26+27+28+29+30+31,0+1+2+3,4,252,504,1.0,target-temperature,1.0450171652935376,0.9569220805278422,0.23209989870102862,0.05188282384149297,0.21935864096800317,0.7806413590319968,0.7757936507936508,0.7476190476190476
Q2_K_XL,3,24+25+26+27+28+29+30+31,0+1+2+3,4,252,504,1.0,target-temperature+entropy-token,1.0450171652935376,0.9569220805278422,0.23610204777590602,0.05339404954989977,0.22466078153688396,0.775339218463116,0.7738095238095238,0.747420634920635
Q2_K_XL,3,24+25+26+27+28+29+30+31,0+1+2+3,4,252,504,1.0,target-temperature+token,1.0450171652935376,0.9569220805278422,0.23669358485769032,0.053527035691822385,0.22473747050417076,0.7752625294958293,0.7876984126984127,0.747420634920635
Q2_K_XL,3,24+25+26+27+28+29+30+31,0+1+2+3+4+5+6+7,8,504,504,0.8,identity,0.9952518579344191,0.8038166355804132,0.2777993421563574,0.06090730591936331,0.2304762994582912,0.7695237005417088,0.7757936507936508,0.7476190476190476
Q2_K_XL,3,24+25+26+27+28+29+30+31,0+1+2+3+4+5+6+7,8,504,504,0.8,target-temperature,0.9952518579344191,0.8038166355804132,0.27757448731641227,0.06104466798350476,0.23108855836051315,0.7689114416394869,0.7757936507936508,0.7476190476190476
Q2_K_XL,3,24+25+26+27+28+29+30+31,0+1+2+3+4+5+6+7,8,504,504,0.8,target-temperature+entropy-token,0.9952518579344191,0.8038166355804132,0.28790230954366997,0.06391906989282524,0.23879830293442988,0.7612016970655702,0.7777777777777778,0.746825396825397
Q2_K_XL,3,24+25+26+27+28+29+30+31,0+1+2+3+4+5+6+7,8,504,504,0.8,target-temperature+token,0.9952518579344191,0.8038166355804132,0.2885781071871652,0.063801365862835,0.2381909019846601,0.7618090980153399,0.7817460317460317,0.7503968253968255
Q2_K_XL,3,24+25+26+27+28+29+30+31,0+1+2+3+4+5+6+7,8,504,504,1.0,identity,1.0331066349211075,0.9679542906781973,0.23135197366611956,0.053077387179971285,0.22524132477106862,0.7747586752289314,0.7757936507936508,0.7476190476190476
Q2_K_XL,3,24+25+26+27+28+29+30+31,0+1+2+3+4+5+6+7,8,504,504,1.0,target-temperature,1.0331066349211075,0.9679542906781973,0.23096344787194945,0.05199084962655722,0.22033724560089238,0.7796627543991076,0.7757936507936508,0.7476190476190476
Q2_K_XL,3,24+25+26+27+28+29+30+31,0+1+2+3+4+5+6+7,8,504,504,1.0,target-temperature+entropy-token,1.0331066349211075,0.9679542906781973,0.2355202705593333,0.05360005833443081,0.2258188110419204,0.7741811889580796,0.7738095238095238,0.7486111111111112
Q2_K_XL,3,24+25+26+27+28+29+30+31,0+1+2+3+4+5+6+7,8,504,504,1.0,target-temperature+token,1.0331066349211075,0.9679542906781973,0.23645961541891636,0.05372421805378284,0.22623311824405853,0.7737668817559414,0.7857142857142857,0.751984126984127
Q2_K_XL,3,24+25+26+27+28+29+30+31,0+1+2+3+4+5+6+7+8+9+10+11+12+13+14+15,16,1008,504,0.8,identity,1.001336018287338,0.7989326114207911,0.2777993421563574,0.06090730591936331,0.2304762994582912,0.7695237005417088,0.7757936507936508,0.7476190476190476
Q2_K_XL,3,24+25+26+27+28+29+30+31,0+1+2+3+4+5+6+7+8+9+10+11+12+13+14+15,16,1008,504,0.8,target-temperature,1.001336018287338,0.7989326114207911,0.2778760534559455,0.06087161855774725,0.23031210906892088,0.7696878909310791,0.7757936507936508,0.7476190476190476
Q2_K_XL,3,24+25+26+27+28+29+30+31,0+1+2+3+4+5+6+7+8+9+10+11+12+13+14+15,16,1008,504,0.8,target-temperature+entropy-token,1.001336018287338,0.7989326114207911,0.28394588673694715,0.0628194270062789,0.23562832336141049,0.7643716766385895,0.7916666666666666,0.7484126984126984
Q2_K_XL,3,24+25+26+27+28+29+30+31,0+1+2+3+4+5+6+7+8+9+10+11+12+13+14+15,16,1008,504,0.8,target-temperature+token,1.001336018287338,0.7989326114207911,0.2838821679585801,0.06263789180055805,0.23476537855488763,0.7652346214451123,0.7876984126984127,0.75
Q2_K_XL,3,24+25+26+27+28+29+30+31,0+1+2+3+4+5+6+7+8+9+10+11+12+13+14+15,16,1008,504,1.0,identity,1.0361438678048929,0.9651169408728298,0.23135197366611956,0.053077387179971285,0.22524132477106862,0.7747586752289314,0.7757936507936508,0.7476190476190476
Q2_K_XL,3,24+25+26+27+28+29+30+31,0+1+2+3+4+5+6+7+8+9+10+11+12+13+14+15,16,1008,504,1.0,target-temperature,1.0361438678048929,0.9651169408728298,0.23119214062969856,0.05195006487044144,0.2200441045897461,0.7799558954102539,0.7757936507936508,0.7476190476190476
Q2_K_XL,3,24+25+26+27+28+29+30+31,0+1+2+3+4+5+6+7+8+9+10+11+12+13+14+15,16,1008,504,1.0,target-temperature+entropy-token,1.0361438678048929,0.9651169408728298,0.23355352637414428,0.05307427578762303,0.22435107927411457,0.7756489207258854,0.7956349206349206,0.7507936507936508
Q2_K_XL,3,24+25+26+27+28+29+30+31,0+1+2+3+4+5+6+7+8+9+10+11+12+13+14+15,16,1008,504,1.0,target-temperature+token,1.0361438678048929,0.9651169408728298,0.23378712262272905,0.05307348683428851,0.22415352996274976,0.7758464700372503,0.7876984126984127,0.751388888888889
Q2_K_XL,3,24+25+26+27+28+29+30+31,0+1+2+3+4+5+6+7+8+9+10+11+12+13+14+15+16+17+18+19+20+21+22+23,24,1512,504,0.8,identity,0.9995734090735068,0.8003414183871808,0.2777993421563574,0.06090730591936331,0.2304762994582912,0.7695237005417088,0.7757936507936508,0.7476190476190476
Q2_K_XL,3,24+25+26+27+28+29+30+31,0+1+2+3+4+5+6+7+8+9+10+11+12+13+14+15+16+17+18+19+20+21+22+23,24,1512,504,0.8,target-temperature,0.9995734090735068,0.8003414183871808,0.2777761102912004,0.06091897064501611,0.23052943754616953,0.7694705624538305,0.7757936507936508,0.7476190476190476
Q2_K_XL,3,24+25+26+27+28+29+30+31,0+1+2+3+4+5+6+7+8+9+10+11+12+13+14+15+16+17+18+19+20+21+22+23,24,1512,504,0.8,target-temperature+entropy-token,0.9995734090735068,0.8003414183871808,0.2804873651584469,0.06205675689083583,0.23320750925682254,0.7667924907431775,0.7876984126984127,0.75
Q2_K_XL,3,24+25+26+27+28+29+30+31,0+1+2+3+4+5+6+7+8+9+10+11+12+13+14+15+16+17+18+19+20+21+22+23,24,1512,504,0.8,target-temperature+token,0.9995734090735068,0.8003414183871808,0.2810060617675556,0.062011050787852295,0.23312615148965743,0.7668738485103426,0.7896825396825397,0.7517857142857143
Q2_K_XL,3,24+25+26+27+28+29+30+31,0+1+2+3+4+5+6+7+8+9+10+11+12+13+14+15+16+17+18+19+20+21+22+23,24,1512,504,1.0,identity,1.0333700801977017,0.9677075223705747,0.23135197366611956,0.053077387179971285,0.22524132477106862,0.7747586752289314,0.7757936507936508,0.7476190476190476
Q2_K_XL,3,24+25+26+27+28+29+30+31,0+1+2+3+4+5+6+7+8+9+10+11+12+13+14+15+16+17+18+19+20+21+22+23,24,1512,504,1.0,target-temperature,1.0333700801977017,0.9677075223705747,0.23098163844287994,0.05198694091328499,0.22031005041465088,0.7796899495853491,0.7757936507936508,0.7476190476190476
Q2_K_XL,3,24+25+26+27+28+29+30+31,0+1+2+3+4+5+6+7+8+9+10+11+12+13+14+15+16+17+18+19+20+21+22+23,24,1512,504,1.0,target-temperature+entropy-token,1.0333700801977017,0.9677075223705747,0.23137334776889937,0.05262003368016445,0.2229949845243518,0.7770050154756483,0.7876984126984127,0.7513888888888889
Q2_K_XL,3,24+25+26+27+28+29+30+31,0+1+2+3+4+5+6+7+8+9+10+11+12+13+14+15+16+17+18+19+20+21+22+23,24,1512,504,1.0,target-temperature+token,1.0333700801977017,0.9677075223705747,0.23205890843602237,0.05270117285171622,0.22321094289087803,0.7767890571091219,0.7857142857142857,0.7529761904761905
Q4_K_XL,0,0+1+2+3+4+5+6+7,8,1,63,504,0.8,identity,0.9929608320175168,0.8056712553047483,0.01994376481831585,0.004898313348347849,0.0587806588406321,0.9412193411593679,0.9246031746031746,0.9206349206349208
Q4_K_XL,0,0+1+2+3+4+5+6+7,8,1,63,504,0.8,target-temperature,0.9929608320175168,0.8056712553047483,0.01997600712778599,0.00492799509983395,0.05904955344670943,0.9409504465532905,0.9246031746031746,0.9206349206349208
Q4_K_XL,0,0+1+2+3+4+5+6+7,8,1,63,504,0.8,target-temperature+entropy-token,0.9929608320175168,0.8056712553047483,0.019604408841563743,0.004840222029653331,0.05844104490841532,0.9415589550915847,0.9325396825396826,0.921825396825397
Q4_K_XL,0,0+1+2+3+4+5+6+7,8,1,63,504,0.8,target-temperature+token,0.9929608320175168,0.8056712553047483,0.01968721757892091,0.00486084362875629,0.058675288099464304,0.9413247119005357,0.9345238095238095,0.9216269841269843
Q4_K_XL,0,0+1+2+3+4+5+6+7,8,1,63,504,1.0,identity,0.9953704293641359,1.0046511032468803,0.01718969916125013,0.0042258185981034835,0.0582014854797683,0.9417985145202317,0.9246031746031746,0.9206349206349208
Q4_K_XL,0,0+1+2+3+4+5+6+7,8,1,63,504,1.0,target-temperature,0.9953704293641359,1.0046511032468803,0.017266949280069423,0.004258306791263022,0.05852456355466082,0.9414754364453392,0.9246031746031746,0.9206349206349208
Q4_K_XL,0,0+1+2+3+4+5+6+7,8,1,63,504,1.0,target-temperature+entropy-token,0.9953704293641359,1.0046511032468803,0.01701607618706259,0.004201131704780847,0.05804238541640232,0.9419576145835977,0.9325396825396826,0.9214285714285716
Q4_K_XL,0,0+1+2+3+4+5+6+7,8,1,63,504,1.0,target-temperature+token,0.9953704293641359,1.0046511032468803,0.01707945725122716,0.0042166200130948385,0.05820084388332116,0.9417991561166789,0.9345238095238095,0.9216269841269843
Q4_K_XL,0,0+1+2+3+4+5+6+7,8+9,2,126,504,0.8,identity,0.9975498301869882,0.8019649503123489,0.01994376481831585,0.004898313348347849,0.0587806588406321,0.9412193411593679,0.9246031746031746,0.9206349206349208
Q4_K_XL,0,0+1+2+3+4+5+6+7,8+9,2,126,504,0.8,target-temperature,0.9975498301869882,0.8019649503123489,0.01994091153167428,0.004905146919861906,0.05884879250258644,0.9411512074974135,0.9246031746031746,0.9206349206349208
Q4_K_XL,0,0+1+2+3+4+5+6+7,8+9,2,126,504,0.8,target-temperature+entropy-token,0.9975498301869882,0.8019649503123489,0.01946315594113867,0.004790004518446983,0.057708484198607204,0.9422915158013928,0.9285714285714286,0.9226190476190478
Q4_K_XL,0,0+1+2+3+4+5+6+7,8+9,2,126,504,0.8,target-temperature+token,0.9975498301869882,0.8019649503123489,0.01947063312092479,0.004790453330034892,0.057663033033083004,0.942336966966917,0.9365079365079365,0.923809523809524
Q4_K_XL,0,0+1+2+3+4+5+6+7,8+9,2,126,504,1.0,identity,1.0011762336796197,0.9988251482206117,0.01718969916125013,0.0042258185981034835,0.0582014854797683,0.9417985145202317,0.9246031746031746,0.9206349206349208
Q4_K_XL,0,0+1+2+3+4+5+6+7,8+9,2,126,504,1.0,target-temperature,1.0011762336796197,0.9988251482206117,0.01718422116700894,0.004221082860778681,0.05815174177613309,0.9418482582238669,0.9246031746031746,0.9206349206349208
Q4_K_XL,0,0+1+2+3+4+5+6+7,8+9,2,126,504,1.0,target-temperature+entropy-token,1.0011762336796197,0.9988251482206117,0.016823303578476837,0.0041358659503336935,0.05724292962553418,0.9427570703744659,0.9305555555555556,0.9222222222222223
Q4_K_XL,0,0+1+2+3+4+5+6+7,8+9,2,126,504,1.0,target-temperature+token,1.0011762336796197,0.9988251482206117,0.01684165036903908,0.004139086616771376,0.05714918138009457,0.9428508186199054,0.9325396825396826,0.9230158730158731
Q4_K_XL,0,0+1+2+3+4+5+6+7,8+9+10+11,4,252,504,0.8,identity,0.9993656293469603,0.8005078186676917,0.01994376481831585,0.004898313348347849,0.0587806588406321,0.9412193411593679,0.9246031746031746,0.9206349206349208
Q4_K_XL,0,0+1+2+3+4+5+6+7,8+9+10+11,4,252,504,0.8,target-temperature,0.9993656293469603,0.8005078186676917,0.019941595016939845,0.004899727747195544,0.05879536165636478,0.9412046383436352,0.9246031746031746,0.9206349206349208
Q4_K_XL,0,0+1+2+3+4+5+6+7,8+9+10+11,4,252,504,0.8,target-temperature+entropy-token,0.9993656293469603,0.8005078186676917,0.019165771996804488,0.004710902953625397,0.05709141249096882,0.9429085875090312,0.9325396825396826,0.9240079365079366
Q4_K_XL,0,0+1+2+3+4+5+6+7,8+9+10+11,4,252,504,0.8,target-temperature+token,0.9993656293469603,0.8005078186676917,0.01920481038346953,0.0047193218133877255,0.056966352035805995,0.943033647964194,0.9365079365079365,0.9232142857142859
Q4_K_XL,0,0+1+2+3+4+5+6+7,8+9+10+11,4,252,504,1.0,identity,1.0015600879715065,0.9984423421118285,0.01718969916125013,0.0042258185981034835,0.0582014854797683,0.9417985145202317,0.9246031746031746,0.9206349206349208
Q4_K_XL,0,0+1+2+3+4+5+6+7,8+9+10+11,4,252,504,1.0,target-temperature,1.0015600879715065,0.9984423421118285,0.017183658222218165,0.004219845355118916,0.05813779138845117,0.9418622086115488,0.9246031746031746,0.9206349206349208
Q4_K_XL,0,0+1+2+3+4+5+6+7,8+9+10+11,4,252,504,1.0,target-temperature+entropy-token,1.0015600879715065,0.9984423421118285,0.016629376444071236,0.0040864884834582605,0.05680003010141422,0.9431999698985858,0.9345238095238095,0.9220238095238096
Q4_K_XL,0,0+1+2+3+4+5+6+7,8+9+10+11,4,252,504,1.0,target-temperature+token,1.0015600879715065,0.9984423421118285,0.016632456885953877,0.004087073989772818,0.05662680110804609,0.9433731988919539,0.9365079365079365,0.9230158730158731
Q4_K_XL,0,0+1+2+3+4+5+6+7,8+9+10+11+12+13+14+15,8,504,504,0.8,identity,0.9975583977751921,0.801958062589822,0.01994376481831585,0.004898313348347849,0.0587806588406321,0.9412193411593679,0.9246031746031746,0.9206349206349208
Q4_K_XL,0,0+1+2+3+4+5+6+7,8+9+10+11+12+13+14+15,8,504,504,0.8,target-temperature,0.9975583977751921,0.801958062589822,0.019940900811526434,0.004905116329504245,0.05884849396083351,0.9411515060391665,0.9246031746031746,0.9206349206349208
Q4_K_XL,0,0+1+2+3+4+5+6+7,8+9+10+11+12+13+14+15,8,504,504,0.8,target-temperature+entropy-token,0.9975583977751921,0.801958062589822,0.01900426623481971,0.004677323128432963,0.05695989933775175,0.9430401006622482,0.9384920634920635,0.9234126984126986
Q4_K_XL,0,0+1+2+3+4+5+6+7,8+9+10+11+12+13+14+15,8,504,504,0.8,target-temperature+token,0.9975583977751921,0.801958062589822,0.018995782776592307,0.004673991436728557,0.056753543692988864,0.9432464563070111,0.9345238095238095,0.9228174603174605
Q4_K_XL,0,0+1+2+3+4+5+6+7,8+9+10+11+12+13+14+15,8,504,504,1.0,identity,0.9997088133068391,1.000291271507548,0.01718969916125013,0.0042258185981034835,0.0582014854797683,0.9417985145202317,0.9246031746031746,0.9206349206349208
Q4_K_XL,0,0+1+2+3+4+5+6+7,8+9+10+11+12+13+14+15,8,504,504,1.0,target-temperature,0.9997088133068391,1.000291271507548,0.017191939424079133,0.004227205328297777,0.058215864281435874,0.9417841357185641,0.9246031746031746,0.9206349206349208
Q4_K_XL,0,0+1+2+3+4+5+6+7,8+9+10+11+12+13+14+15,8,504,504,1.0,target-temperature+entropy-token,0.9997088133068391,1.000291271507548,0.016504695074281192,0.004061427019644767,0.05666021622668239,0.9433397837733176,0.9345238095238095,0.9240079365079366
Q4_K_XL,0,0+1+2+3+4+5+6+7,8+9+10+11+12+13+14+15,8,504,504,1.0,target-temperature+token,0.9997088133068391,1.000291271507548,0.016491998485343003,0.004057340846009038,0.05640382913142752,0.9435961708685725,0.9345238095238095,0.9230158730158731
Q4_K_XL,0,0+1+2+3+4+5+6+7,8+9+10+11+12+13+14+15+16+17+18+19+20+21+22+23,16,1008,504,0.8,identity,0.9944488092659877,0.8044657427771348,0.01994376481831585,0.004898313348347849,0.0587806588406321,0.9412193411593679,0.9246031746031746,0.9206349206349208
Q4_K_XL,0,0+1+2+3+4+5+6+7,8+9+10+11+12+13+14+15+16+17+18+19+20+21+22+23,16,1008,504,0.8,target-temperature,0.9944488092659877,0.8044657427771348,0.0199588050399184,0.0049191344045091566,0.058974949786845955,0.9410250502131541,0.9246031746031746,0.9206349206349208
Q4_K_XL,0,0+1+2+3+4+5+6+7,8+9+10+11+12+13+14+15+16+17+18+19+20+21+22+23,16,1008,504,0.8,target-temperature+entropy-token,0.9944488092659877,0.8044657427771348,0.018958335311984747,0.00467327856070946,0.056997218019106975,0.943002781980893,0.9345238095238095,0.9236111111111113
Q4_K_XL,0,0+1+2+3+4+5+6+7,8+9+10+11+12+13+14+15+16+17+18+19+20+21+22+23,16,1008,504,0.8,target-temperature+token,0.9944488092659877,0.8044657427771348,0.018921561694895787,0.004663172806860365,0.056698509154853485,0.9433014908451465,0.9325396825396826,0.9228174603174605
Q4_K_XL,0,0+1+2+3+4+5+6+7,8+9+10+11+12+13+14+15+16+17+18+19+20+21+22+23,16,1008,504,1.0,identity,0.9984998053274038,1.0015024486380388,0.01718969916125013,0.0042258185981034835,0.0582014854797683,0.9417985145202317,0.9246031746031746,0.9206349206349208
Q4_K_XL,0,0+1+2+3+4+5+6+7,8+9+10+11+12+13+14+15+16+17+18+19+20+21+22+23,16,1008,504,1.0,target-temperature,0.9984998053274038,1.0015024486380388,0.017204976443232618,0.00423390806867222,0.058285099796865414,0.9417149002031346,0.9246031746031746,0.9206349206349208
Q4_K_XL,0,0+1+2+3+4+5+6+7,8+9+10+11+12+13+14+15+16+17+18+19+20+21+22+23,16,1008,504,1.0,target-temperature+entropy-token,0.9984998053274038,1.0015024486380388,0.016430690229972313,0.004048228797043993,0.056614826690350575,0.9433851733096494,0.9345238095238095,0.9238095238095239
Q4_K_XL,0,0+1+2+3+4+5+6+7,8+9+10+11+12+13+14+15+16+17+18+19+20+21+22+23,16,1008,504,1.0,target-temperature+token,0.9984998053274038,1.0015024486380388,0.016407653471204982,0.004038804093347779,0.05628109218772922,0.9437189078122707,0.9325396825396826,0.9236111111111114
Q4_K_XL,0,0+1+2+3+4+5+6+7,8+9+10+11+12+13+14+15+16+17+18+19+20+21+22+23+24+25+26+27+28+29+30+31,24,1512,504,0.8,identity,0.9950269553532652,0.803998319538967,0.01994376481831585,0.004898313348347849,0.0587806588406321,0.9412193411593679,0.9246031746031746,0.9206349206349208
Q4_K_XL,0,0+1+2+3+4+5+6+7,8+9+10+11+12+13+14+15+16+17+18+19+20+21+22+23+24+25+26+27+28+29+30+31,24,1512,504,0.8,target-temperature,0.9950269553532652,0.803998319538967,0.019953636160558005,0.004916070438645514,0.05894826610306073,0.9410517338969393,0.9246031746031746,0.9206349206349208
Q4_K_XL,0,0+1+2+3+4+5+6+7,8+9+10+11+12+13+14+15+16+17+18+19+20+21+22+23+24+25+26+27+28+29+30+31,24,1512,504,0.8,target-temperature+entropy-token,0.9950269553532652,0.803998319538967,0.018877165575341946,0.00465379140526523,0.05678584534963456,0.9432141546503654,0.9365079365079365,0.924404761904762
Q4_K_XL,0,0+1+2+3+4+5+6+7,8+9+10+11+12+13+14+15+16+17+18+19+20+21+22+23+24+25+26+27+28+29+30+31,24,1512,504,0.8,target-temperature+token,0.9950269553532652,0.803998319538967,0.018847780624777478,0.0046453237501269925,0.056570351420948864,0.9434296485790511,0.9325396825396826,0.9238095238095239
Q4_K_XL,0,0+1+2+3+4+5+6+7,8+9+10+11+12+13+14+15+16+17+18+19+20+21+22+23+24+25+26+27+28+29+30+31,24,1512,504,1.0,identity,0.99868065777905,1.0013210851844112,0.01718969916125013,0.0042258185981034835,0.0582014854797683,0.9417985145202317,0.9246031746031746,0.9206349206349208
Q4_K_XL,0,0+1+2+3+4+5+6+7,8+9+10+11+12+13+14+15+16+17+18+19+20+21+22+23+24+25+26+27+28+29+30+31,24,1512,504,1.0,target-temperature,0.99868065777905,1.0013210851844112,0.017202641002755727,0.004232810658002172,0.058273882525951656,0.9417261174740483,0.9246031746031746,0.9206349206349208
Q4_K_XL,0,0+1+2+3+4+5+6+7,8+9+10+11+12+13+14+15+16+17+18+19+20+21+22+23+24+25+26+27+28+29+30+31,24,1512,504,1.0,target-temperature+entropy-token,0.99868065777905,1.0013210851844112,0.016378193143042254,0.004035152531192879,0.05641917131345234,0.9435808286865477,0.9365079365079365,0.9251984126984129
Q4_K_XL,0,0+1+2+3+4+5+6+7,8+9+10+11+12+13+14+15+16+17+18+19+20+21+22+23+24+25+26+27+28+29+30+31,24,1512,504,1.0,target-temperature+token,0.99868065777905,1.0013210851844112,0.01635605829033697,0.004026290841813709,0.056165822796159885,0.9438341772038401,0.9325396825396826,0.9236111111111112
Q4_K_XL,1,8+9+10+11+12+13+14+15,16,1,63,504,0.8,identity,0.994884058179869,0.8041137994145694,0.0175626243401749,0.0043454872471965205,0.05246501359579495,0.9475349864042051,0.9424603174603174,0.9267857142857144
Q4_K_XL,1,8+9+10+11+12+13+14+15,16,1,63,504,0.8,target-temperature,0.994884058179869,0.8041137994145694,0.017564598928910692,0.004360719165651694,0.05270668052885403,0.9472933194711459,0.9424603174603174,0.9267857142857144
Q4_K_XL,1,8+9+10+11+12+13+14+15,16,1,63,504,0.8,target-temperature+entropy-token,0.994884058179869,0.8041137994145694,0.017599448492288127,0.004368250265996859,0.05297360477754244,0.9470263952224576,0.9444444444444444,0.9251984126984129
Q4_K_XL,1,8+9+10+11+12+13+14+15,16,1,63,504,0.8,target-temperature+token,0.994884058179869,0.8041137994145694,0.01805718189476942,0.004477015955988031,0.05416788372894139,0.9458321162710586,0.9444444444444444,0.925793650793651
Q4_K_XL,1,8+9+10+11+12+13+14+15,16,1,63,504,1.0,identity,1.002208876253572,0.9977959921270813,0.015448858433579347,0.003827504760053501,0.05269710081806771,0.9473028991819323,0.9424603174603174,0.9267857142857144
Q4_K_XL,1,8+9+10+11+12+13+14+15,16,1,63,504,1.0,target-temperature,1.002208876253572,0.9977959921270813,0.015460915077566612,0.0038245539151719843,0.052619322773771564,0.9473806772262284,0.9424603174603174,0.9267857142857144
Q4_K_XL,1,8+9+10+11+12+13+14+15,16,1,63,504,1.0,target-temperature+entropy-token,1.002208876253572,0.9977959921270813,0.015431147142209958,0.003818454448020101,0.052800623142229955,0.94719937685777,0.9404761904761905,0.925
Q4_K_XL,1,8+9+10+11+12+13+14+15,16,1,63,504,1.0,target-temperature+token,1.002208876253572,0.9977959921270813,0.01573897643232109,0.003893234915753825,0.05374818553589771,0.9462518144641023,0.9424603174603174,0.926388888888889
Q4_K_XL,1,8+9+10+11+12+13+14+15,16+17,2,126,504,0.8,identity,0.9941963913041649,0.8046699897497894,0.0175626243401749,0.0043454872471965205,0.05246501359579495,0.9475349864042051,0.9424603174603174,0.9267857142857144
Q4_K_XL,1,8+9+10+11+12+13+14+15,16+17,2,126,504,0.8,target-temperature,0.9941963913041649,0.8046699897497894,0.017569480568328244,0.004363911042690907,0.052747508336369583,0.9472524916636305,0.9424603174603174,0.9267857142857144
Q4_K_XL,1,8+9+10+11+12+13+14+15,16+17,2,126,504,0.8,target-temperature+entropy-token,0.9941963913041649,0.8046699897497894,0.017451515688608376,0.0043339042788641926,0.0527093576109486,0.9472906423890514,0.9444444444444444,0.9253968253968256
Q4_K_XL,1,8+9+10+11+12+13+14+15,16+17,2,126,504,0.8,target-temperature+token,0.9941963913041649,0.8046699897497894,0.017632651722081307,0.004374074747636699,0.05330073950837931,0.9466992604916207,0.9365079365079365,0.9255952380952382
Q4_K_XL,1,8+9+10+11+12+13+14+15,16+17,2,126,504,1.0,identity,1.0000248348462835,0.9999751657704709,0.015448858433579347,0.003827504760053501,0.05269710081806771,0.9473028991819323,0.9424603174603174,0.9267857142857144
Q4_K_XL,1,8+9+10+11+12+13+14+15,16+17,2,126,504,1.0,target-temperature,1.0000248348462835,0.9999751657704709,0.015448888055648096,0.003827444910021269,0.0526959556792311,0.9473040443207689,0.9424603174603174,0.9267857142857144
Q4_K_XL,1,8+9+10+11+12+13+14+15,16+17,2,126,504,1.0,target-temperature+entropy-token,1.0000248348462835,0.9999751657704709,0.015308669137306467,0.0037940321644564434,0.05259921211462723,0.9474007878853727,0.9404761904761905,0.9255952380952382
Q4_K_XL,1,8+9+10+11+12+13+14+15,16+17,2,126,504,1.0,target-temperature+token,1.0000248348462835,0.9999751657704709,0.015408284401065514,0.0038169839508667234,0.05304827458074048,0.9469517254192595,0.9345238095238095,0.926388888888889
Q4_K_XL,1,8+9+10+11+12+13+14+15,16+17+18+19,4,252,504,0.8,identity,0.9906393549915621,0.8075592757031282,0.0175626243401749,0.0043454872471965205,0.05246501359579495,0.9475349864042051,0.9424603174603174,0.9267857142857144
Q4_K_XL,1,8+9+10+11+12+13+14+15,16+17+18+19,4,252,504,0.8,target-temperature,0.9906393549915621,0.8075592757031282,0.017612530101973795,0.0043848535102464295,0.05299625908902839,0.9470037409109716,0.9424603174603174,0.9267857142857144
Q4_K_XL,1,8+9+10+11+12+13+14+15,16+17+18+19,4,252,504,0.8,target-temperature+entropy-token,0.9906393549915621,0.8075592757031282,0.017249948914438547,0.004291980301535199,0.05267968521647154,0.9473203147835285,0.9384920634920635,0.9261904761904763
Q4_K_XL,1,8+9+10+11+12+13+14+15,16+17+18+19,4,252,504,0.8,target-temperature+token,0.9906393549915621,0.8075592757031282,0.017360868544536397,0.004316562841721042,0.053061445594204476,0.9469385544057956,0.9365079365079365,0.9251984126984129
Q4_K_XL,1,8+9+10+11+12+13+14+15,16+17+18+19,4,252,504,1.0,identity,0.9969996399554948,1.003009389295907,0.015448858433579347,0.003827504760053501,0.05269710081806771,0.9473028991819323,0.9424603174603174,0.9267857142857144
Q4_K_XL,1,8+9+10+11+12+13+14+15,16+17+18+19,4,252,504,1.0,target-temperature,0.9969996399554948,1.003009389295907,0.015463262791383516,0.0038391255356450818,0.05286904829570934,0.9471309517042906,0.9424603174603174,0.9267857142857144
Q4_K_XL,1,8+9+10+11+12+13+14+15,16+17+18+19,4,252,504,1.0,target-temperature+entropy-token,0.9969996399554948,1.003009389295907,0.0151490826928882,0.0037606516344260692,0.05246971500741893,0.9475302849925811,0.9365079365079365,0.9259920634920635
Q4_K_XL,1,8+9+10+11+12+13+14+15,16+17+18+19,4,252,504,1.0,target-temperature+token,0.9969996399554948,1.003009389295907,0.015167348177321458,0.003763662857559712,0.05271025143266913,0.9472897485673308,0.9365079365079365,0.9250000000000002
Q4_K_XL,1,8+9+10+11+12+13+14+15,16+17+18+19+20+21+22+23,8,504,504,0.8,identity,0.9918778569275377,0.806550921983577,0.0175626243401749,0.0043454872471965205,0.05246501359579495,0.9475349864042051,0.9424603174603174,0.9267857142857144
Q4_K_XL,1,8+9+10+11+12+13+14+15,16+17+18+19+20+21+22+23,8,504,504,0.8,target-temperature,0.9918778569275377,0.806550921983577,0.017594148819652686,0.004376716104339011,0.05290346098157144,0.9470965390184286,0.9424603174603174,0.9267857142857144
Q4_K_XL,1,8+9+10+11+12+13+14+15,16+17+18+19+20+21+22+23,8,504,504,0.8,target-temperature+entropy-token,0.9918778569275377,0.806550921983577,0.017383983455520165,0.004324557742185764,0.05305361329318387,0.9469463867068161,0.9424603174603174,0.9255952380952384
Q4_K_XL,1,8+9+10+11+12+13+14+15,16+17+18+19+20+21+22+23,8,504,504,0.8,target-temperature+token,0.9918778569275377,0.806550921983577,0.017392123625232805,0.004322000911904094,0.05301806240321364,0.9469819375967864,0.9384920634920635,0.926984126984127
Q4_K_XL,1,8+9+10+11+12+13+14+15,16+17+18+19+20+21+22+23,8,504,504,1.0,identity,0.9974371458906908,1.0025694392071398,0.015448858433579347,0.003827504760053501,0.05269710081806771,0.9473028991819323,0.9424603174603174,0.9267857142857144
Q4_K_XL,1,8+9+10+11+12+13+14+15,16+17+18+19+20+21+22+23,8,504,504,1.0,target-temperature,0.9974371458906908,1.0025694392071398,0.015458939207625073,0.003836882244851238,0.05283890919117622,0.9471610908088238,0.9424603174603174,0.9267857142857144
Q4_K_XL,1,8+9+10+11+12+13+14+15,16+17+18+19+20+21+22+23,8,504,504,1.0,target-temperature+entropy-token,0.9974371458906908,1.0025694392071398,0.015179925658141009,0.003768370809263091,0.05264554418081641,0.9473544558191835,0.9384920634920635,0.9253968253968256
Q4_K_XL,1,8+9+10+11+12+13+14+15,16+17+18+19+20+21+22+23,8,504,504,1.0,target-temperature+token,0.9974371458906908,1.0025694392071398,0.015160398826192285,0.0037613337494200602,0.05262301750995101,0.947376982490049,0.9404761904761905,0.926984126984127
Q4_K_XL,1,8+9+10+11+12+13+14+15,16+17+18+19+20+21+22+23+24+25+26+27+28+29+30+31,16,1008,504,0.8,identity,0.9940082863728518,0.8048222645298156,0.0175626243401749,0.0043454872471965205,0.05246501359579495,0.9475349864042051,0.9424603174603174,0.9267857142857144
Q4_K_XL,1,8+9+10+11+12+13+14+15,16+17+18+19+20+21+22+23+24+25+26+27+28+29+30+31,16,1008,504,0.8,target-temperature,0.9940082863728518,0.8048222645298156,0.01757101734588078,0.004364830269504646,0.05275926192790856,0.9472407380720914,0.9424603174603174,0.9267857142857144
Q4_K_XL,1,8+9+10+11+12+13+14+15,16+17+18+19+20+21+22+23+24+25+26+27+28+29+30+31,16,1008,504,0.8,target-temperature+entropy-token,0.9940082863728518,0.8048222645298156,0.017414295708318,0.004328379995967673,0.05308087937466516,0.9469191206253349,0.9345238095238095,0.926388888888889
Q4_K_XL,1,8+9+10+11+12+13+14+15,16+17+18+19+20+21+22+23+24+25+26+27+28+29+30+31,16,1008,504,0.8,target-temperature+token,0.9940082863728518,0.8048222645298156,0.01746487086840537,0.004337186920138377,0.05307800699035312,0.9469219930096469,0.9345238095238095,0.9269841269841271
Q4_K_XL,1,8+9+10+11+12+13+14+15,16+17+18+19+20+21+22+23+24+25+26+27+28+29+30+31,16,1008,504,1.0,identity,0.9982403538931186,1.0017627479193951,0.015448858433579347,0.003827504760053501,0.05269710081806771,0.9473028991819323,0.9424603174603174,0.9267857142857144
Q4_K_XL,1,8+9+10+11+12+13+14+15,16+17+18+19+20+21+22+23+24+25+26+27+28+29+30+31,16,1008,504,1.0,target-temperature,0.9982403538931186,1.0017627479193951,0.015452986549788088,0.003833249459213272,0.052788272018987635,0.9472117279810124,0.9424603174603174,0.9267857142857144
Q4_K_XL,1,8+9+10+11+12+13+14+15,16+17+18+19+20+21+22+23+24+25+26+27+28+29+30+31,16,1008,504,1.0,target-temperature+entropy-token,0.9982403538931186,1.0017627479193951,0.01512787314846441,0.003755444740160363,0.05254554588944461,0.9474544541105554,0.9365079365079365,0.9273809523809525
Q4_K_XL,1,8+9+10+11+12+13+14+15,16+17+18+19+20+21+22+23+24+25+26+27+28+29+30+31,16,1008,504,1.0,target-temperature+token,0.9982403538931186,1.0017627479193951,0.015199747934981396,0.0037708969542779394,0.052704606133358665,0.9472953938666413,0.9345238095238095,0.926984126984127
Q4_K_XL,1,8+9+10+11+12+13+14+15,16+17+18+19+20+21+22+23+24+25+26+27+28+29+30+31+0+1+2+3+4+5+6+7,24,1512,504,0.8,identity,0.995298285500909,0.8037791400367779,0.0175626243401749,0.0043454872471965205,0.05246501359579495,0.9475349864042051,0.9424603174603174,0.9267857142857144
Q4_K_XL,1,8+9+10+11+12+13+14+15,16+17+18+19+20+21+22+23+24+25+26+27+28+29+30+31+0+1+2+3+4+5+6+7,24,1512,504,0.8,target-temperature,0.995298285500909,0.8037791400367779,0.01756218065011384,0.004358926859151287,0.052683539931509794,0.9473164600684902,0.9424603174603174,0.9267857142857144
Q4_K_XL,1,8+9+10+11+12+13+14+15,16+17+18+19+20+21+22+23+24+25+26+27+28+29+30+31+0+1+2+3+4+5+6+7,24,1512,504,0.8,target-temperature+entropy-token,0.995298285500909,0.8037791400367779,0.017484507377057198,0.004337818146607509,0.053187046369409074,0.9468129536305909,0.9384920634920635,0.9271825396825398
Q4_K_XL,1,8+9+10+11+12+13+14+15,16+17+18+19+20+21+22+23+24+25+26+27+28+29+30+31+0+1+2+3+4+5+6+7,24,1512,504,0.8,target-temperature+token,0.995298285500909,0.8037791400367779,0.017512761334459632,0.004342583230453686,0.05316811279509385,0.9468318872049062,0.9384920634920635,0.9267857142857143
Q4_K_XL,1,8+9+10+11+12+13+14+15,16+17+18+19+20+21+22+23+24+25+26+27+28+29+30+31+0+1+2+3+4+5+6+7,24,1512,504,1.0,identity,0.9993149910226562,1.0006854785362949,0.015448858433579347,0.003827504760053501,0.05269710081806771,0.9473028991819323,0.9424603174603174,0.9267857142857144
Q4_K_XL,1,8+9+10+11+12+13+14+15,16+17+18+19+20+21+22+23+24+25+26+27+28+29+30+31+0+1+2+3+4+5+6+7,24,1512,504,1.0,target-temperature,0.9993149910226562,1.0006854785362949,0.01544900706893026,0.0038293781732561013,0.052729919427873834,0.9472700805721261,0.9424603174603174,0.9267857142857144
Q4_K_XL,1,8+9+10+11+12+13+14+15,16+17+18+19+20+21+22+23+24+25+26+27+28+29+30+31+0+1+2+3+4+5+6+7,24,1512,504,1.0,target-temperature+entropy-token,0.9993149910226562,1.0006854785362949,0.015171927437581275,0.003761191884910108,0.05261844085170817,0.9473815591482918,0.9404761904761905,0.9259920634920635
Q4_K_XL,1,8+9+10+11+12+13+14+15,16+17+18+19+20+21+22+23+24+25+26+27+28+29+30+31+0+1+2+3+4+5+6+7,24,1512,504,1.0,target-temperature+token,0.9993149910226562,1.0006854785362949,0.0152186546524158,0.003770836851564248,0.05274031039548318,0.9472596896045168,0.9424603174603174,0.9273809523809524
Q4_K_XL,2,16+17+18+19+20+21+22+23,24,1,63,504,0.8,identity,0.9882888963190137,0.8094799030725575,0.018998853102074924,0.004655413415671092,0.057353254652804296,0.9426467453471957,0.9345238095238095,0.9230158730158731
Q4_K_XL,2,16+17+18+19+20+21+22+23,24,1,63,504,0.8,target-temperature,0.9882888963190137,0.8094799030725575,0.018926733551229712,0.004673508954794547,0.05752814888466226,0.9424718511153377,0.9345238095238095,0.9230158730158731
Q4_K_XL,2,16+17+18+19+20+21+22+23,24,1,63,504,0.8,target-temperature+entropy-token,0.9882888963190137,0.8094799030725575,0.019112862096248264,0.004722853035115372,0.05811800020006154,0.9418819997999385,0.9365079365079365,0.923809523809524
Q4_K_XL,2,16+17+18+19+20+21+22+23,24,1,63,504,0.8,target-temperature+token,0.9882888963190137,0.8094799030725575,0.019249892756443034,0.004759773089644555,0.05826704364695509,0.9417329563530449,0.9384920634920635,0.9238095238095239
Q4_K_XL,2,16+17+18+19+20+21+22+23,24,1,63,504,1.0,identity,0.9975131257926692,1.002493074169179,0.016138571629118546,0.003993614617915086,0.05616862071438585,0.9438313792856141,0.9345238095238095,0.9230158730158731
Q4_K_XL,2,16+17+18+19+20+21+22+23,24,1,63,504,1.0,target-temperature,0.9975131257926692,1.002493074169179,0.01612376796696939,0.003996291725474607,0.056190989940324426,0.9438090100596755,0.9345238095238095,0.9230158730158731
Q4_K_XL,2,16+17+18+19+20+21+22+23,24,1,63,504,1.0,target-temperature+entropy-token,0.9975131257926692,1.002493074169179,0.016198341552839994,0.00401704681205939,0.05641686708325699,0.943583132916743,0.9365079365079365,0.9240079365079366
Q4_K_XL,2,16+17+18+19+20+21+22+23,24,1,63,504,1.0,target-temperature+token,0.9975131257926692,1.002493074169179,0.016317281659998194,0.004047230183991427,0.05653590979161869,0.9434640902083813,0.9365079365079365,0.9236111111111113
Q4_K_XL,2,16+17+18+19+20+21+22+23,24+25,2,126,504,0.8,identity,0.9945089166568535,0.8044171214565721,0.018998853102074924,0.004655413415671092,0.057353254652804296,0.9426467453471957,0.9345238095238095,0.9230158730158731
Q4_K_XL,2,16+17+18+19+20+21+22+23,24+25,2,126,504,0.8,target-temperature,0.9945089166568535,0.8044171214565721,0.01891727051501282,0.004652061563758777,0.057348043625016394,0.9426519563749836,0.9345238095238095,0.9230158730158731
Q4_K_XL,2,16+17+18+19+20+21+22+23,24+25,2,126,504,0.8,target-temperature+entropy-token,0.9945089166568535,0.8044171214565721,0.019169620505418018,0.004719612178079148,0.05806561926355982,0.9419343807364402,0.9384920634920635,0.9236111111111114
Q4_K_XL,2,16+17+18+19+20+21+22+23,24+25,2,126,504,0.8,target-temperature+token,0.9945089166568535,0.8044171214565721,0.019167667396366373,0.004720481084794919,0.0577906855692243,0.9422093144307757,0.9404761904761905,0.9246031746031748
Q4_K_XL,2,16+17+18+19+20+21+22+23,24+25,2,126,504,1.0,identity,0.9999282143291058,1.0000717908244467,0.016138571629118546,0.003993614617915086,0.05616862071438585,0.9438313792856141,0.9345238095238095,0.9230158730158731
Q4_K_XL,2,16+17+18+19+20+21+22+23,24+25,2,126,504,1.0,target-temperature,0.9999282143291058,1.0000717908244467,0.01613776086473503,0.003993595620493291,0.05616848720627324,0.9438315127937268,0.9345238095238095,0.9230158730158731
Q4_K_XL,2,16+17+18+19+20+21+22+23,24+25,2,126,504,1.0,target-temperature+entropy-token,0.9999282143291058,1.0000717908244467,0.016193085068568817,0.004012281145913601,0.05627803996007392,0.943721960039926,0.9305555555555556,0.9236111111111113
Q4_K_XL,2,16+17+18+19+20+21+22+23,24+25,2,126,504,1.0,target-temperature+token,0.9999282143291058,1.0000717908244467,0.016221289520878767,0.00401930472522368,0.05617374754306833,0.9438262524569316,0.9404761904761905,0.925
Q4_K_XL,2,16+17+18+19+20+21+22+23,24+25+26+27,4,252,504,0.8,identity,0.9980209814809061,0.8015863542396934,0.018998853102074924,0.004655413415671092,0.057353254652804296,0.9426467453471957,0.9345238095238095,0.9230158730158731
Q4_K_XL,2,16+17+18+19+20+21+22+23,24+25+26+27,4,252,504,0.8,target-temperature,0.9980209814809061,0.8015863542396934,0.01895985788014437,0.00465184545841282,0.057338771327936106,0.9426612286720639,0.9345238095238095,0.9230158730158731
Q4_K_XL,2,16+17+18+19+20+21+22+23,24+25+26+27,4,252,504,0.8,target-temperature+entropy-token,0.9980209814809061,0.8015863542396934,0.018953125792537925,0.004658564359641793,0.057336093935213335,0.9426639060647867,0.9384920634920635,0.925
Q4_K_XL,2,16+17+18+19+20+21+22+23,24+25+26+27,4,252,504,0.8,target-temperature+token,0.9980209814809061,0.8015863542396934,0.01900539808675489,0.004670256094058497,0.057291750481947165,0.9427082495180529,0.9365079365079365,0.9244047619047621
Q4_K_XL,2,16+17+18+19+20+21+22+23,24+25+26+27,4,252,504,1.0,identity,1.0013820892356828,0.9986198182985899,0.016138571629118546,0.003993614617915086,0.05616862071438585,0.9438313792856141,0.9345238095238095,0.9230158730158731
Q4_K_XL,2,16+17+18+19+20+21+22+23,24+25+26+27,4,252,504,1.0,target-temperature,1.0013820892356828,0.9986198182985899,0.016158745643127848,0.003995085962319847,0.05617877837951508,0.9438212216204849,0.9345238095238095,0.9230158730158731
Q4_K_XL,2,16+17+18+19+20+21+22+23,24+25+26+27,4,252,504,1.0,target-temperature+entropy-token,1.0013820892356828,0.9986198182985899,0.01604314056930167,0.003973693166998932,0.05578133942963322,0.9442186605703667,0.9365079365079365,0.9248015873015875
Q4_K_XL,2,16+17+18+19+20+21+22+23,24+25+26+27,4,252,504,1.0,target-temperature+token,1.0013820892356828,0.9986198182985899,0.016150043445055048,0.003998922162454601,0.05593945112818729,0.9440605488718127,0.9345238095238095,0.9246031746031748
Q4_K_XL,2,16+17+18+19+20+21+22+23,24+25+26+27+28+29+30+31,8,504,504,0.8,identity,0.996029048571895,0.8031894261990038,0.018998853102074924,0.004655413415671092,0.057353254652804296,0.9426467453471957,0.9345238095238095,0.9230158730158731
Q4_K_XL,2,16+17+18+19+20+21+22+23,24+25+26+27+28+29+30+31,8,504,504,0.8,target-temperature,0.996029048571895,0.8031894261990038,0.018931504538427714,0.004650933863058429,0.05733784144861206,0.9426621585513879,0.9345238095238095,0.9230158730158731
Q4_K_XL,2,16+17+18+19+20+21+22+23,24+25+26+27+28+29+30+31,8,504,504,0.8,target-temperature+entropy-token,0.996029048571895,0.8031894261990038,0.018796573496151343,0.004627748942899349,0.05730037425866077,0.9426996257413393,0.9365079365079365,0.926388888888889
Q4_K_XL,2,16+17+18+19+20+21+22+23,24+25+26+27+28+29+30+31,8,504,504,0.8,target-temperature+token,0.996029048571895,0.8031894261990038,0.018772323823612446,0.0046221329013114544,0.057165469064436876,0.9428345309355631,0.9365079365079365,0.9240079365079366
Q4_K_XL,2,16+17+18+19+20+21+22+23,24+25+26+27+28+29+30+31,8,504,504,1.0,identity,0.9990033841306293,1.0009976101034312,0.016138571629118546,0.003993614617915086,0.05616862071438585,0.9438313792856141,0.9345238095238095,0.9230158730158731
Q4_K_XL,2,16+17+18+19+20+21+22+23,24+25+26+27+28+29+30+31,8,504,504,1.0,target-temperature,0.9990033841306293,1.0009976101034312,0.016129306794304795,0.003993861837215947,0.05617037988365935,0.9438296201163406,0.9345238095238095,0.9230158730158731
Q4_K_XL,2,16+17+18+19+20+21+22+23,24+25+26+27+28+29+30+31,8,504,504,1.0,target-temperature+entropy-token,0.9990033841306293,1.0009976101034312,0.015943182019209454,0.0039549975122794324,0.0557087451640496,0.9442912548359504,0.9365079365079365,0.9246031746031748
Q4_K_XL,2,16+17+18+19+20+21+22+23,24+25+26+27+28+29+30+31,8,504,504,1.0,target-temperature+token,0.9990033841306293,1.0009976101034312,0.015995484655420677,0.003966993107144142,0.05573112288914758,0.9442688771108524,0.9404761904761905,0.9246031746031749
Q4_K_XL,2,16+17+18+19+20+21+22+23,24+25+26+27+28+29+30+31+0+1+2+3+4+5+6+7,16,1008,504,0.8,identity,0.9970552794229113,0.8023627340532559,0.018998853102074924,0.004655413415671092,0.057353254652804296,0.9426467453471957,0.9345238095238095,0.9230158730158731
Q4_K_XL,2,16+17+18+19+20+21+22+23,24+25+26+27+28+29+30+31+0+1+2+3+4+5+6+7,16,1008,504,0.8,target-temperature,0.9970552794229113,0.8023627340532559,0.018944738002095018,0.004651065032815337,0.05733659092956769,0.9426634090704323,0.9345238095238095,0.9230158730158731
Q4_K_XL,2,16+17+18+19+20+21+22+23,24+25+26+27+28+29+30+31+0+1+2+3+4+5+6+7,16,1008,504,0.8,target-temperature+entropy-token,0.9970552794229113,0.8023627340532559,0.018617335551994525,0.00457584533866119,0.057024469567083756,0.9429755304329163,0.9404761904761905,0.9246031746031748
Q4_K_XL,2,16+17+18+19+20+21+22+23,24+25+26+27+28+29+30+31+0+1+2+3+4+5+6+7,16,1008,504,0.8,target-temperature+token,0.9970552794229113,0.8023627340532559,0.018587107541489806,0.004568833540120514,0.057064265251139,0.9429357347488609,0.9404761904761905,0.9242063492063494
Q4_K_XL,2,16+17+18+19+20+21+22+23,24+25+26+27+28+29+30+31+0+1+2+3+4+5+6+7,16,1008,504,1.0,identity,1.0002663257209528,0.9997337451895516,0.016138571629118546,0.003993614617915086,0.05616862071438585,0.9438313792856141,0.9345238095238095,0.9230158730158731
Q4_K_XL,2,16+17+18+19+20+21+22+23,24+25+26+27+28+29+30+31+0+1+2+3+4+5+6+7,16,1008,504,1.0,target-temperature,1.0002663257209528,0.9997337451895516,0.016141799372349844,0.003993734707196927,0.05616933905983907,0.9438306609401609,0.9345238095238095,0.9230158730158731
Q4_K_XL,2,16+17+18+19+20+21+22+23,24+25+26+27+28+29+30+31+0+1+2+3+4+5+6+7,16,1008,504,1.0,target-temperature+entropy-token,1.0002663257209528,0.9997337451895516,0.01586545122908471,0.003929959740744046,0.0556780057491735,0.9443219942508265,0.9424603174603174,0.923809523809524
Q4_K_XL,2,16+17+18+19+20+21+22+23,24+25+26+27+28+29+30+31+0+1+2+3+4+5+6+7,16,1008,504,1.0,target-temperature+token,1.0002663257209528,0.9997337451895516,0.01587522934982377,0.003931096325743849,0.05566941677560112,0.9443305832243989,0.9424603174603174,0.9244047619047621
Q4_K_XL,2,16+17+18+19+20+21+22+23,24+25+26+27+28+29+30+31+0+1+2+3+4+5+6+7+8+9+10+11+12+13+14+15,24,1512,504,0.8,identity,0.9972052739052873,0.8022420467824185,0.018998853102074924,0.004655413415671092,0.057353254652804296,0.9426467453471957,0.9345238095238095,0.9230158730158731
Q4_K_XL,2,16+17+18+19+20+21+22+23,24+25+26+27+28+29+30+31+0+1+2+3+4+5+6+7+8+9+10+11+12+13+14+15,24,1512,504,0.8,target-temperature,0.9972052739052873,0.8022420467824185,0.01894691740915097,0.00465114685302114,0.05733675588604757,0.9426632441139524,0.9345238095238095,0.9230158730158731
Q4_K_XL,2,16+17+18+19+20+21+22+23,24+25+26+27+28+29+30+31+0+1+2+3+4+5+6+7+8+9+10+11+12+13+14+15,24,1512,504,0.8,target-temperature+entropy-token,0.9972052739052873,0.8022420467824185,0.01858073196462584,0.004565984455976957,0.0570088150724215,0.9429911849275785,0.9404761904761905,0.9236111111111113
Q4_K_XL,2,16+17+18+19+20+21+22+23,24+25+26+27+28+29+30+31+0+1+2+3+4+5+6+7+8+9+10+11+12+13+14+15,24,1512,504,0.8,target-temperature+token,0.9972052739052873,0.8022420467824185,0.018530130698921923,0.004553962974322182,0.0569594121867734,0.9430405878132266,0.9444444444444444,0.9240079365079366
Q4_K_XL,2,16+17+18+19+20+21+22+23,24+25+26+27+28+29+30+31+0+1+2+3+4+5+6+7+8+9+10+11+12+13+14+15,24,1512,504,1.0,identity,1.000094421403513,0.9999055875110467,0.016138571629118546,0.003993614617915086,0.05616862071438585,0.9438313792856141,0.9345238095238095,0.9230158730158731
Q4_K_XL,2,16+17+18+19+20+21+22+23,24+25+26+27+28+29+30+31+0+1+2+3+4+5+6+7+8+9+10+11+12+13+14+15,24,1512,504,1.0,target-temperature,1.000094421403513,0.9999055875110467,0.01613968000874719,0.003993647662982862,0.056168833722834294,0.9438311662771657,0.9345238095238095,0.9230158730158731
Q4_K_XL,2,16+17+18+19+20+21+22+23,24+25+26+27+28+29+30+31+0+1+2+3+4+5+6+7+8+9+10+11+12+13+14+15,24,1512,504,1.0,target-temperature+entropy-token,1.000094421403513,0.9999055875110467,0.015871453341076862,0.003930874737594961,0.055581009835985615,0.9444189901640144,0.9424603174603174,0.924404761904762
Q4_K_XL,2,16+17+18+19+20+21+22+23,24+25+26+27+28+29+30+31+0+1+2+3+4+5+6+7+8+9+10+11+12+13+14+15,24,1512,504,1.0,target-temperature+token,1.000094421403513,0.9999055875110467,0.015842194368366064,0.003923255161090032,0.05559518625952319,0.9444048137404768,0.9444444444444444,0.9242063492063494
Q4_K_XL,3,24+25+26+27+28+29+30+31,0,1,63,504,0.8,identity,1.0029787657469087,0.7976240647569919,0.020552174918562184,0.004966355965018115,0.06006539030989455,0.9399346096901054,0.9424603174603174,0.9204365079365081
Q4_K_XL,3,24+25+26+27+28+29+30+31,0,1,63,504,0.8,target-temperature,1.0029787657469087,0.7976240647569919,0.02059918199657397,0.00496743927746145,0.06003176984373249,0.9399682301562675,0.9424603174603174,0.9204365079365081
Q4_K_XL,3,24+25+26+27+28+29+30+31,0,1,63,504,0.8,target-temperature+entropy-token,1.0029787657469087,0.7976240647569919,0.02067990871523959,0.00499133244723882,0.0604701176937841,0.9395298823062159,0.9444444444444444,0.9210317460317462
Q4_K_XL,3,24+25+26+27+28+29+30+31,0,1,63,504,0.8,target-temperature+token,1.0029787657469087,0.7976240647569919,0.020953434219246878,0.005061754600445167,0.060988144386131114,0.9390118556138689,0.9464285714285714,0.9210317460317462
Q4_K_XL,3,24+25+26+27+28+29+30+31,0,1,63,504,1.0,identity,0.999284720857696,1.0007157911327715,0.01741725682856058,0.004263511719169885,0.05943299759843963,0.9405670024015603,0.9424603174603174,0.9204365079365081
Q4_K_XL,3,24+25+26+27+28+29+30+31,0,1,63,504,1.0,target-temperature,0.999284720857696,1.0007157911327715,0.01741507180981799,0.0042650909600991235,0.059451800545712245,0.9405481994542878,0.9424603174603174,0.9204365079365081
Q4_K_XL,3,24+25+26+27+28+29+30+31,0,1,63,504,1.0,target-temperature+entropy-token,0.999284720857696,1.0007157911327715,0.01740422094323683,0.004268669777049228,0.059675291210183674,0.9403247087898163,0.9404761904761905,0.9216269841269844
Q4_K_XL,3,24+25+26+27+28+29+30+31,0,1,63,504,1.0,target-temperature+token,0.999284720857696,1.0007157911327715,0.017536802872222153,0.0043019091563562956,0.06004753648611739,0.9399524635138826,0.9424603174603174,0.9208333333333336
Q4_K_XL,3,24+25+26+27+28+29+30+31,0+1,2,126,504,0.8,identity,1.007612068296144,0.7939563500393433,0.020552174918562184,0.004966355965018115,0.06006539030989455,0.9399346096901054,0.9424603174603174,0.9204365079365081
Q4_K_XL,3,24+25+26+27+28+29+30+31,0+1,2,126,504,0.8,target-temperature,1.007612068296144,0.7939563500393433,0.020722833964968337,0.00498143895182263,0.06009309744790843,0.9399069025520915,0.9424603174603174,0.9204365079365081
Q4_K_XL,3,24+25+26+27+28+29+30+31,0+1,2,126,504,0.8,target-temperature+entropy-token,1.007612068296144,0.7939563500393433,0.020760291583246705,0.004992215285297273,0.0603123171785596,0.9396876828214404,0.9503968253968254,0.9212301587301589
Q4_K_XL,3,24+25+26+27+28+29+30+31,0+1,2,126,504,0.8,target-temperature+token,1.007612068296144,0.7939563500393433,0.021058974286676104,0.005069000759020678,0.0609001432169786,0.9390998567830214,0.9464285714285714,0.921825396825397
Q4_K_XL,3,24+25+26+27+28+29+30+31,0+1,2,126,504,1.0,identity,1.0038892154484396,0.9961258519480137,0.01741725682856058,0.004263511719169885,0.05943299759843963,0.9405670024015603,0.9424603174603174,0.9204365079365081
Q4_K_XL,3,24+25+26+27+28+29+30+31,0+1,2,126,504,1.0,target-temperature,1.0038892154484396,0.9961258519480137,0.017471116711226566,0.004265280145307067,0.0594480165599822,0.9405519834400178,0.9424603174603174,0.9204365079365081
Q4_K_XL,3,24+25+26+27+28+29+30+31,0+1,2,126,504,1.0,target-temperature+entropy-token,1.0038892154484396,0.9961258519480137,0.01741057677501492,0.004255852426964655,0.05938285091989446,0.9406171490801055,0.9484126984126984,0.9224206349206351
Q4_K_XL,3,24+25+26+27+28+29+30+31,0+1,2,126,504,1.0,target-temperature+token,1.0038892154484396,0.9961258519480137,0.017607900700339102,0.004303666458002463,0.05995785008744788,0.9400421499125521,0.9444444444444444,0.921825396825397
Q4_K_XL,3,24+25+26+27+28+29+30+31,0+1+2+3,4,252,504,0.8,identity,1.0045380325917495,0.7963859744921425,0.020552174918562184,0.004966355965018115,0.06006539030989455,0.9399346096901054,0.9424603174603174,0.9204365079365081
Q4_K_XL,3,24+25+26+27+28+29+30+31,0+1+2+3,4,252,504,0.8,target-temperature,1.0045380325917495,0.7963859744921425,0.020633967003927327,0.00497049338372799,0.06003974276714214,0.9399602572328578,0.9424603174603174,0.9204365079365081
Q4_K_XL,3,24+25+26+27+28+29+30+31,0+1+2+3,4,252,504,0.8,target-temperature+entropy-token,1.0045380325917495,0.7963859744921425,0.02039683616668992,0.004917799332283852,0.0598809256274605,0.9401190743725395,0.9523809523809523,0.921825396825397
Q4_K_XL,3,24+25+26+27+28+29+30+31,0+1+2+3,4,252,504,0.8,target-temperature+token,1.0045380325917495,0.7963859744921425,0.02058746691234696,0.004970153601905344,0.06029604093570125,0.9397039590642987,0.9503968253968254,0.922420634920635
Q4_K_XL,3,24+25+26+27+28+29+30+31,0+1+2+3,4,252,504,1.0,identity,1.0045901627790634,0.9954308105443066,0.01741725682856058,0.004263511719169885,0.05943299759843963,0.9405670024015603,0.9424603174603174,0.9204365079365081
Q4_K_XL,3,24+25+26+27+28+29+30+31,0+1+2+3,4,252,504,1.0,target-temperature,1.0045901627790634,0.9954308105443066,0.017488272146686593,0.0042674383578506035,0.059467789170387024,0.940532210829613,0.9424603174603174,0.9204365079365081
Q4_K_XL,3,24+25+26+27+28+29+30+31,0+1+2+3,4,252,504,1.0,target-temperature+entropy-token,1.0045901627790634,0.9954308105443066,0.017231120426092927,0.004209821337948115,0.05913923129583415,0.9408607687041659,0.9484126984126984,0.9222222222222224
Q4_K_XL,3,24+25+26+27+28+29+30+31,0+1+2+3,4,252,504,1.0,target-temperature+token,1.0045901627790634,0.9954308105443066,0.017359867592688486,0.004242438719020902,0.059412874228013286,0.9405871257719867,0.9503968253968254,0.9222222222222224
Q4_K_XL,3,24+25+26+27+28+29+30+31,0+1+2+3+4+5+6+7,8,504,504,0.8,identity,0.9982674471560147,0.8013884478344325,0.020552174918562184,0.004966355965018115,0.06006539030989455,0.9399346096901054,0.9424603174603174,0.9204365079365081
Q4_K_XL,3,24+25+26+27+28+29+30+31,0+1+2+3+4+5+6+7,8,504,504,0.8,target-temperature,0.9982674471560147,0.8013884478344325,0.02053667303800594,0.0049686307361446495,0.06011348052289908,0.9398865194771009,0.9424603174603174,0.9204365079365081
Q4_K_XL,3,24+25+26+27+28+29+30+31,0+1+2+3+4+5+6+7,8,504,504,0.8,target-temperature+entropy-token,0.9982674471560147,0.8013884478344325,0.02032518142702911,0.0049255089759033055,0.05992368631934025,0.9400763136806598,0.9424603174603174,0.9224206349206351
Q4_K_XL,3,24+25+26+27+28+29+30+31,0+1+2+3+4+5+6+7,8,504,504,0.8,target-temperature+token,0.9982674471560147,0.8013884478344325,0.020349603107404454,0.004934082133626941,0.06009301414183624,0.9399069858581638,0.9424603174603174,0.9236111111111113
Q4_K_XL,3,24+25+26+27+28+29+30+31,0+1+2+3+4+5+6+7,8,504,504,1.0,identity,1.0017206629775466,0.998282292617952,0.01741725682856058,0.004263511719169885,0.05943299759843963,0.9405670024015603,0.9424603174603174,0.9204365079365081
Q4_K_XL,3,24+25+26+27+28+29+30+31,0+1+2+3+4+5+6+7,8,504,504,1.0,target-temperature,1.0017206629775466,0.998282292617952,0.017432341165055106,0.004262154208718689,0.059415598189565974,0.940584401810434,0.9424603174603174,0.9204365079365081
Q4_K_XL,3,24+25+26+27+28+29+30+31,0+1+2+3+4+5+6+7,8,504,504,1.0,target-temperature+entropy-token,1.0017206629775466,0.998282292617952,0.01716607592307331,0.004202989189868733,0.05908400383233158,0.9409159961676684,0.9444444444444444,0.9228174603174606
Q4_K_XL,3,24+25+26+27+28+29+30+31,0+1+2+3+4+5+6+7,8,504,504,1.0,target-temperature+token,1.0017206629775466,0.998282292617952,0.01715763942711022,0.0042020683324700036,0.058978899054689046,0.941021100945311,0.9444444444444444,0.9236111111111114
Q4_K_XL,3,24+25+26+27+28+29+30+31,0+1+2+3+4+5+6+7+8+9+10+11+12+13+14+15,16,1008,504,0.8,identity,0.9979264533118086,0.8016622841743978,0.020552174918562184,0.004966355965018115,0.06006539030989455,0.9399346096901054,0.9424603174603174,0.9204365079365081
Q4_K_XL,3,24+25+26+27+28+29+30+31,0+1+2+3+4+5+6+7+8+9+10+11+12+13+14+15,16,1008,504,0.8,target-temperature,0.9979264533118086,0.8016622841743978,0.020534659802717185,0.004969330293224642,0.06012567070385444,0.9398743292961456,0.9424603174603174,0.9204365079365081
Q4_K_XL,3,24+25+26+27+28+29+30+31,0+1+2+3+4+5+6+7+8+9+10+11+12+13+14+15,16,1008,504,0.8,target-temperature+entropy-token,0.9979264533118086,0.8016622841743978,0.020224584861457586,0.004904953248453872,0.05984190417975363,0.9401580958202463,0.9424603174603174,0.9246031746031748
Q4_K_XL,3,24+25+26+27+28+29+30+31,0+1+2+3+4+5+6+7+8+9+10+11+12+13+14+15,16,1008,504,0.8,target-temperature+token,0.9979264533118086,0.8016622841743978,0.020155051829054634,0.004887328693440255,0.05976532238151724,0.9402346776184828,0.9464285714285714,0.9236111111111114
Q4_K_XL,3,24+25+26+27+28+29+30+31,0+1+2+3+4+5+6+7+8+9+10+11+12+13+14+15,16,1008,504,1.0,identity,1.000735763154985,0.9992647777944247,0.01741725682856058,0.004263511719169885,0.05943299759843963,0.9405670024015603,0.9424603174603174,0.9204365079365081
Q4_K_XL,3,24+25+26+27+28+29+30+31,0+1+2+3+4+5+6+7+8+9+10+11+12+13+14+15,16,1008,504,1.0,target-temperature,1.000735763154985,0.9992647777944247,0.01742200216819668,0.004262512140928416,0.05942073377366522,0.9405792662263348,0.9424603174603174,0.9204365079365081
Q4_K_XL,3,24+25+26+27+28+29+30+31,0+1+2+3+4+5+6+7+8+9+10+11+12+13+14+15,16,1008,504,1.0,target-temperature+entropy-token,1.000735763154985,0.9992647777944247,0.01700250088220622,0.004168205406869791,0.05871919372892744,0.9412808062710726,0.9444444444444444,0.9251984126984129
Q4_K_XL,3,24+25+26+27+28+29+30+31,0+1+2+3+4+5+6+7+8+9+10+11+12+13+14+15,16,1008,504,1.0,target-temperature+token,1.000735763154985,0.9992647777944247,0.016982341621420073,0.00416297638326396,0.05864337622599019,0.9413566237740099,0.9464285714285714,0.9240079365079366
Q4_K_XL,3,24+25+26+27+28+29+30+31,0+1+2+3+4+5+6+7+8+9+10+11+12+13+14+15+16+17+18+19+20+21+22+23,24,1512,504,0.8,identity,0.9957020728835212,0.8034531832229954,0.020552174918562184,0.004966355965018115,0.06006539030989455,0.9399346096901054,0.9424603174603174,0.9204365079365081
Q4_K_XL,3,24+25+26+27+28+29+30+31,0+1+2+3+4+5+6+7+8+9+10+11+12+13+14+15+16+17+18+19+20+21+22+23,24,1512,504,0.8,target-temperature,0.9957020728835212,0.8034531832229954,0.02052987597456041,0.004975977300785312,0.06021882122155556,0.9397811787784445,0.9424603174603174,0.9204365079365081
Q4_K_XL,3,24+25+26+27+28+29+30+31,0+1+2+3+4+5+6+7+8+9+10+11+12+13+14+15+16+17+18+19+20+21+22+23,24,1512,504,0.8,target-temperature+entropy-token,0.9957020728835212,0.8034531832229954,0.020032199763861426,0.004865204372476712,0.059655978040562704,0.9403440219594373,0.9464285714285714,0.9240079365079366
Q4_K_XL,3,24+25+26+27+28+29+30+31,0+1+2+3+4+5+6+7+8+9+10+11+12+13+14+15+16+17+18+19+20+21+22+23,24,1512,504,0.8,target-temperature+token,0.9957020728835212,0.8034531832229954,0.020022428213917247,0.004860482021149722,0.059634525531843265,0.9403654744681568,0.9484126984126984,0.9236111111111113
Q4_K_XL,3,24+25+26+27+28+29+30+31,0+1+2+3+4+5+6+7+8+9+10+11+12+13+14+15+16+17+18+19+20+21+22+23,24,1512,504,1.0,identity,0.9995563524018543,1.000443844508696,0.01741725682856058,0.004263511719169885,0.05943299759843963,0.9405670024015603,0.9424603174603174,0.9204365079365081
Q4_K_XL,3,24+25+26+27+28+29+30+31,0+1+2+3+4+5+6+7+8+9+10+11+12+13+14+15+16+17+18+19+20+21+22+23,24,1512,504,1.0,target-temperature,0.9995563524018543,1.000443844508696,0.01741561323332361,0.00426442170840991,0.05944381446887284,0.9405561855311272,0.9424603174603174,0.9204365079365081
Q4_K_XL,3,24+25+26+27+28+29+30+31,0+1+2+3+4+5+6+7+8+9+10+11+12+13+14+15+16+17+18+19+20+21+22+23,24,1512,504,1.0,target-temperature+entropy-token,0.9995563524018543,1.000443844508696,0.016921058980889216,0.004151560371379716,0.05855570566026317,0.9414442943397369,0.9444444444444444,0.9246031746031749
Q4_K_XL,3,24+25+26+27+28+29+30+31,0+1+2+3+4+5+6+7+8+9+10+11+12+13+14+15+16+17+18+19+20+21+22+23,24,1512,504,1.0,target-temperature+token,0.9995563524018543,1.000443844508696,0.01687374512417701,0.004139035792990961,0.05847855245313364,0.9415214475468664,0.9464285714285714,0.9230158730158731
Q8_K_XL,0,0+1+2+3+4+5+6+7,8,1,63,504,0.8,identity,0.9984274176381157,0.801260047417852,0.0017037648973430614,0.00027451877395591614,0.01342034374905861,0.9865796562509414,0.9900793650793651,0.9813492063492064
Q8_K_XL,0,0+1+2+3+4+5+6+7,8,1,63,504,0.8,target-temperature,0.9984274176381157,0.801260047417852,0.0016987151523519429,0.0002739511683063591,0.01339556319581955,0.9866044368041804,0.9900793650793651,0.9813492063492064
Q8_K_XL,0,0+1+2+3+4+5+6+7,8,1,63,504,0.8,target-temperature+entropy-token,0.9984274176381157,0.801260047417852,0.0017133748407159918,0.00027754025231714456,0.013529150448704681,0.9864708495512953,0.9900793650793651,0.9807539682539683
Q8_K_XL,0,0+1+2+3+4+5+6+7,8,1,63,504,0.8,target-temperature+token,0.9984274176381157,0.801260047417852,0.001729900461373927,0.0002816987015393526,0.013654594618951623,0.9863454053810484,0.9900793650793651,0.9807539682539684
Q8_K_XL,0,0+1+2+3+4+5+6+7,8,1,63,504,1.0,identity,0.999098449414169,1.0009023641127255,0.0018140758581505934,0.0002714001831736448,0.01309821127206161,0.9869017887279384,0.9900793650793651,0.9813492063492064
Q8_K_XL,0,0+1+2+3+4+5+6+7,8,1,63,504,1.0,target-temperature,0.999098449414169,1.0009023641127255,0.0018089235814521035,0.0002706213300327216,0.013059299815998722,0.9869407001840013,0.9900793650793651,0.9813492063492064
Q8_K_XL,0,0+1+2+3+4+5+6+7,8,1,63,504,1.0,target-temperature+entropy-token,0.999098449414169,1.0009023641127255,0.0018192845346879,0.0002730832825405001,0.013166192933613815,0.9868338070663862,0.9900793650793651,0.980952380952381
Q8_K_XL,0,0+1+2+3+4+5+6+7,8,1,63,504,1.0,target-temperature+token,0.999098449414169,1.0009023641127255,0.0018300725896118082,0.0002758202813102421,0.013245656050439864,0.9867543439495602,0.9880952380952381,0.9807539682539684
Q8_K_XL,0,0+1+2+3+4+5+6+7,8+9,2,126,504,0.8,identity,0.9983826225770405,0.8012959980563642,0.0017037648973430614,0.00027451877395591614,0.01342034374905861,0.9865796562509414,0.9900793650793651,0.9813492063492064
Q8_K_XL,0,0+1+2+3+4+5+6+7,8+9,2,126,504,0.8,target-temperature,0.9983826225770405,0.8012959980563642,0.0016986638612213833,0.00027395602669170994,0.013395547884815897,0.9866044521151841,0.9900793650793651,0.9813492063492064
Q8_K_XL,0,0+1+2+3+4+5+6+7,8+9,2,126,504,0.8,target-temperature+entropy-token,0.9983826225770405,0.8012959980563642,0.0017154823644801287,0.00027804715127284843,0.013537191747561548,0.9864628082524385,0.9900793650793651,0.9797619047619048
Q8_K_XL,0,0+1+2+3+4+5+6+7,8+9,2,126,504,0.8,target-temperature+token,0.9983826225770405,0.8012959980563642,0.0017288605289028011,0.0002815774992640699,0.013661496775582132,0.9863385032244179,0.9900793650793651,0.9799603174603174
Q8_K_XL,0,0+1+2+3+4+5+6+7,8+9,2,126,504,1.0,identity,0.9991479527283065,1.0008527738753474,0.0018140758581505934,0.0002714001831736448,0.01309821127206161,0.9869017887279384,0.9900793650793651,0.9813492063492064
Q8_K_XL,0,0+1+2+3+4+5+6+7,8+9,2,126,504,1.0,target-temperature,0.9991479527283065,1.0008527738753474,0.0018091168290319324,0.00027064280429277076,0.013060694322351964,0.986939305677648,0.9900793650793651,0.9813492063492064
Q8_K_XL,0,0+1+2+3+4+5+6+7,8+9,2,126,504,1.0,target-temperature+entropy-token,0.9991479527283065,1.0008527738753474,0.0018202631306555605,0.0002733714124827404,0.013168880142464852,0.9868311198575351,0.9880952380952381,0.9797619047619048
Q8_K_XL,0,0+1+2+3+4+5+6+7,8+9,2,126,504,1.0,target-temperature+token,0.9991479527283065,1.0008527738753474,0.0018283310871171448,0.0002755603928354239,0.013261564335911613,0.9867384356640884,0.9900793650793651,0.9803571428571429
Q8_K_XL,0,0+1+2+3+4+5+6+7,8+9+10+11,4,252,504,0.8,identity,0.9998242830520616,0.8001405982638485,0.0017037648973430614,0.00027451877395591614,0.01342034374905861,0.9865796562509414,0.9900793650793651,0.9813492063492064
Q8_K_XL,0,0+1+2+3+4+5+6+7,8+9+10+11,4,252,504,0.8,target-temperature,0.9998242830520616,0.8001405982638485,0.001702902381448341,0.000274379910247552,0.013415136567453875,0.9865848634325461,0.9900793650793651,0.9813492063492064
Q8_K_XL,0,0+1+2+3+4+5+6+7,8+9+10+11,4,252,504,0.8,target-temperature+entropy-token,0.9998242830520616,0.8001405982638485,0.0017209724259604358,0.00027882929443324186,0.013572580110732589,0.9864274198892674,0.9880952380952381,0.9801587301587301
Q8_K_XL,0,0+1+2+3+4+5+6+7,8+9+10+11,4,252,504,0.8,target-temperature+token,0.9998242830520616,0.8001405982638485,0.0017256108976346086,0.00028018119653649027,0.013592146434604385,0.9864078535653956,0.9900793650793651,0.9797619047619048
Q8_K_XL,0,0+1+2+3+4+5+6+7,8+9+10+11,4,252,504,1.0,identity,0.9999860432929955,1.000013956901797,0.0018140758581505934,0.0002714001831736448,0.01309821127206161,0.9869017887279384,0.9900793650793651,0.9813492063492064
Q8_K_XL,0,0+1+2+3+4+5+6+7,8+9+10+11,4,252,504,1.0,target-temperature,0.9999860432929955,1.000013956901797,0.0018139703517827041,0.0002713825254169065,0.013097392609914832,0.9869026073900852,0.9900793650793651,0.9813492063492064
Q8_K_XL,0,0+1+2+3+4+5+6+7,8+9+10+11,4,252,504,1.0,target-temperature+entropy-token,0.9999860432929955,1.000013956901797,0.0018233696874243412,0.00027362680234918743,0.013202593929023235,0.9867974060709768,0.9880952380952381,0.9799603174603175
Q8_K_XL,0,0+1+2+3+4+5+6+7,8+9+10+11,4,252,504,1.0,target-temperature+token,0.9999860432929955,1.000013956901797,0.0018264264250340662,0.0002746955201825146,0.013228196828445034,0.986771803171555,0.9900793650793651,0.9797619047619048
Q8_K_XL,0,0+1+2+3+4+5+6+7,8+9+10+11+12+13+14+15,8,504,504,0.8,identity,0.9996679753351148,0.8002657079535025,0.0017037648973430614,0.00027451877395591614,0.01342034374905861,0.9865796562509414,0.9900793650793651,0.9813492063492064
Q8_K_XL,0,0+1+2+3+4+5+6+7,8+9+10+11+12+13+14+15,8,504,504,0.8,target-temperature,0.9996679753351148,0.8002657079535025,0.0017021979791923953,0.0002742741106838724,0.013410970938273809,0.9865890290617262,0.9900793650793651,0.9813492063492064
Q8_K_XL,0,0+1+2+3+4+5+6+7,8+9+10+11+12+13+14+15,8,504,504,0.8,target-temperature+entropy-token,0.9996679753351148,0.8002657079535025,0.001714615756848972,0.00027687973788420817,0.013472600220663277,0.9865273997793367,0.9900793650793651,0.9801587301587301
Q8_K_XL,0,0+1+2+3+4+5+6+7,8+9+10+11+12+13+14+15,8,504,504,0.8,target-temperature+token,0.9996679753351148,0.8002657079535025,0.0017110347172264416,0.000276529364289593,0.013465892245617528,0.9865341077543824,0.9920634920634921,0.9803571428571429
Q8_K_XL,0,0+1+2+3+4+5+6+7,8+9+10+11+12+13+14+15,8,504,504,1.0,identity,0.9997662001986634,1.0002338544764668,0.0018140758581505934,0.0002714001831736448,0.01309821127206161,0.9869017887279384,0.9900793650793651,0.9813492063492064
Q8_K_XL,0,0+1+2+3+4+5+6+7,8+9+10+11+12+13+14+15,8,504,504,1.0,target-temperature,0.9997662001986634,1.0002338544764668,0.0018124225859524237,0.0002711203079786042,0.013085171740890978,0.986914828259109,0.9900793650793651,0.9813492063492064
Q8_K_XL,0,0+1+2+3+4+5+6+7,8+9+10+11+12+13+14+15,8,504,504,1.0,target-temperature+entropy-token,0.9997662001986634,1.0002338544764668,0.0018201088384455961,0.00027250181860272524,0.013143690246101148,0.9868563097538988,0.9920634920634921,0.9799603174603175
Q8_K_XL,0,0+1+2+3+4+5+6+7,8+9+10+11+12+13+14+15,8,504,504,1.0,target-temperature+token,0.9997662001986634,1.0002338544764668,0.0018165980789629904,0.0002722473827213173,0.01312557010600726,0.9868744298939928,0.9920634920634921,0.9805555555555556
Q8_K_XL,0,0+1+2+3+4+5+6+7,8+9+10+11+12+13+14+15+16+17+18+19+20+21+22+23,16,1008,504,0.8,identity,1.000145218773342,0.7998838418496705,0.0017037648973430614,0.00027451877395591614,0.01342034374905861,0.9865796562509414,0.9900793650793651,0.9813492063492064
Q8_K_XL,0,0+1+2+3+4+5+6+7,8+9+10+11+12+13+14+15+16+17+18+19+20+21+22+23,16,1008,504,0.8,target-temperature,1.000145218773342,0.7998838418496705,0.0017045351954876472,0.0002746491569169145,0.013425123210828428,0.9865748767891716,0.9900793650793651,0.9813492063492064
Q8_K_XL,0,0+1+2+3+4+5+6+7,8+9+10+11+12+13+14+15+16+17+18+19+20+21+22+23,16,1008,504,0.8,target-temperature+entropy-token,1.000145218773342,0.7998838418496705,0.0017197247509172183,0.00027816844992686266,0.0135148216859928,0.9864851783140072,0.9920634920634921,0.9801587301587301
Q8_K_XL,0,0+1+2+3+4+5+6+7,8+9+10+11+12+13+14+15+16+17+18+19+20+21+22+23,16,1008,504,0.8,target-temperature+token,1.000145218773342,0.7998838418496705,0.0017198684247491291,0.00027858305530758615,0.01351965005084949,0.9864803499491505,0.9880952380952381,0.9807539682539683
Q8_K_XL,0,0+1+2+3+4+5+6+7,8+9+10+11+12+13+14+15+16+17+18+19+20+21+22+23,16,1008,504,1.0,identity,0.9999891835099047,1.000010816607093,0.0018140758581505934,0.0002714001831736448,0.01309821127206161,0.9869017887279384,0.9900793650793651,0.9813492063492064
Q8_K_XL,0,0+1+2+3+4+5+6+7,8+9+10+11+12+13+14+15+16+17+18+19+20+21+22+23,16,1008,504,1.0,target-temperature,0.9999891835099047,1.000010816607093,0.0018139926297949152,0.00027138713284887334,0.013097577535438812,0.9869024224645612,0.9900793650793651,0.9813492063492064
Q8_K_XL,0,0+1+2+3+4+5+6+7,8+9+10+11+12+13+14+15+16+17+18+19+20+21+22+23,16,1008,504,1.0,target-temperature+entropy-token,0.9999891835099047,1.000010816607093,0.001823800402147206,0.0002734793737655606,0.013158612753980177,0.9868413872460198,0.9900793650793651,0.9799603174603175
Q8_K_XL,0,0+1+2+3+4+5+6+7,8+9+10+11+12+13+14+15+16+17+18+19+20+21+22+23,16,1008,504,1.0,target-temperature+token,0.9999891835099047,1.000010816607093,0.001821192640990308,0.00027334449825915693,0.013153741644687432,0.9868462583553126,0.9880952380952381,0.9807539682539683
Q8_K_XL,0,0+1+2+3+4+5+6+7,8+9+10+11+12+13+14+15+16+17+18+19+20+21+22+23+24+25+26+27+28+29+30+31,24,1512,504,0.8,identity,0.9999160795300265,0.8000671420105679,0.0017037648973430614,0.00027451877395591614,0.01342034374905861,0.9865796562509414,0.9900793650793651,0.9813492063492064
Q8_K_XL,0,0+1+2+3+4+5+6+7,8+9+10+11+12+13+14+15+16+17+18+19+20+21+22+23+24+25+26+27+28+29+30+31,24,1512,504,0.8,target-temperature,0.9999160795300265,0.8000671420105679,0.001703344962128525,0.0002744510121611672,0.01341777732465702,0.986582222675343,0.9900793650793651,0.9813492063492064
Q8_K_XL,0,0+1+2+3+4+5+6+7,8+9+10+11+12+13+14+15+16+17+18+19+20+21+22+23+24+25+26+27+28+29+30+31,24,1512,504,0.8,target-temperature+entropy-token,0.9999160795300265,0.8000671420105679,0.0017183590584707502,0.0002780617441421078,0.013506171894009062,0.986493828105991,0.9880952380952381,0.9813492063492064
Q8_K_XL,0,0+1+2+3+4+5+6+7,8+9+10+11+12+13+14+15+16+17+18+19+20+21+22+23+24+25+26+27+28+29+30+31,24,1512,504,0.8,target-temperature+token,0.9999160795300265,0.8000671420105679,0.0017175550482695192,0.00027820689624251935,0.013507702182510213,0.9864922978174898,0.9900793650793651,0.980952380952381
Q8_K_XL,0,0+1+2+3+4+5+6+7,8+9+10+11+12+13+14+15+16+17+18+19+20+21+22+23+24+25+26+27+28+29+30+31,24,1512,504,1.0,identity,0.9997563199483,1.0002437394461408,0.0018140758581505934,0.0002714001831736448,0.01309821127206161,0.9869017887279384,0.9900793650793651,0.9813492063492064
Q8_K_XL,0,0+1+2+3+4+5+6+7,8+9+10+11+12+13+14+15+16+17+18+19+20+21+22+23+24+25+26+27+28+29+30+31,24,1512,504,1.0,target-temperature,0.9997563199483,1.0002437394461408,0.0018123573478463178,0.00027110910677157347,0.013084652036740956,0.9869153479632591,0.9900793650793651,0.9813492063492064
Q8_K_XL,0,0+1+2+3+4+5+6+7,8+9+10+11+12+13+14+15+16+17+18+19+20+21+22+23+24+25+26+27+28+29+30+31,24,1512,504,1.0,target-temperature+entropy-token,0.9997563199483,1.0002437394461408,0.001819799789244551,0.0002728207833517088,0.013129874746300268,0.9868701252536998,0.9861111111111112,0.9807539682539684
Q8_K_XL,0,0+1+2+3+4+5+6+7,8+9+10+11+12+13+14+15+16+17+18+19+20+21+22+23+24+25+26+27+28+29+30+31,24,1512,504,1.0,target-temperature+token,0.9997563199483,1.0002437394461408,0.0018181767706429756,0.0002728520650985947,0.013137758395659588,0.9868622416043404,0.9900793650793651,0.980952380952381
Q8_K_XL,1,8+9+10+11+12+13+14+15,16,1,63,504,0.8,identity,1.0006967057754854,0.7994430234284059,0.0008586668551635934,0.00021472475964285493,0.012499916232177687,0.9875000837678223,0.9761904761904762,0.9823412698412699
Q8_K_XL,1,8+9+10+11+12+13+14+15,16,1,63,504,0.8,target-temperature,1.0006967057754854,0.7994430234284059,0.0008597212261303406,0.00021491091953193398,0.012507563098592122,0.9874924369014079,0.9761904761904762,0.9823412698412699
Q8_K_XL,1,8+9+10+11+12+13+14+15,16,1,63,504,0.8,target-temperature+entropy-token,1.0006967057754854,0.7994430234284059,0.0008710769471427801,0.00021775616240963914,0.012617945444924136,0.9873820545550759,0.9801587301587301,0.981547619047619
Q8_K_XL,1,8+9+10+11+12+13+14+15,16,1,63,504,0.8,target-temperature+token,1.0006967057754854,0.7994430234284059,0.0008812483205955971,0.0002203200067091236,0.012715279977506213,0.9872847200224938,0.9801587301587301,0.9825396825396826
Q8_K_XL,1,8+9+10+11+12+13+14+15,16,1,63,504,1.0,identity,1.000360972170665,0.999639158083225,0.0007017202721698537,0.0001754342576450648,0.012084404602921229,0.9879155953970787,0.9761904761904762,0.9823412698412699
Q8_K_XL,1,8+9+10+11+12+13+14+15,16,1,63,504,1.0,target-temperature,1.000360972170665,0.999639158083225,0.0007023066602200549,0.00017554490958943036,0.012090453300478502,0.9879095466995215,0.9761904761904762,0.9823412698412699
Q8_K_XL,1,8+9+10+11+12+13+14+15,16,1,63,504,1.0,target-temperature+entropy-token,1.000360972170665,0.999639158083225,0.0007084518830425841,0.00017710317705108136,0.012165435085848227,0.9878345649141518,0.9801587301587301,0.9821428571428571
Q8_K_XL,1,8+9+10+11+12+13+14+15,16,1,63,504,1.0,target-temperature+token,1.000360972170665,0.999639158083225,0.0007186471697956193,0.00017966035357842527,0.012277359010346977,0.987722640989653,0.9801587301587301,0.9825396825396826
Q8_K_XL,1,8+9+10+11+12+13+14+15,16+17,2,126,504,0.8,identity,1.0000921957203512,0.7999262502231329,0.0008586668551635934,0.00021472475964285493,0.012499916232177687,0.9875000837678223,0.9761904761904762,0.9823412698412699
Q8_K_XL,1,8+9+10+11+12+13+14+15,16+17,2,126,504,0.8,target-temperature,1.0000921957203512,0.7999262502231329,0.0008587423659958071,0.00021473575068654786,0.012500433835124095,0.9874995661648759,0.9761904761904762,0.9823412698412699
Q8_K_XL,1,8+9+10+11+12+13+14+15,16+17,2,126,504,0.8,target-temperature+entropy-token,1.0000921957203512,0.7999262502231329,0.000867878353193026,0.00021700259806457222,0.01259375553086184,0.9874062444691382,0.9801587301587301,0.9817460317460318
Q8_K_XL,1,8+9+10+11+12+13+14+15,16+17,2,126,504,0.8,target-temperature+token,1.0000921957203512,0.7999262502231329,0.0008734756849070412,0.00021839756180994614,0.012640816613508238,0.9873591833864918,0.9821428571428571,0.9825396825396826
Q8_K_XL,1,8+9+10+11+12+13+14+15,16+17,2,126,504,1.0,identity,1.0000850154852112,0.9999149917418071,0.0007017202721698537,0.0001754342576450648,0.012084404602921229,0.9879155953970787,0.9761904761904762,0.9823412698412699
Q8_K_XL,1,8+9+10+11+12+13+14+15,16+17,2,126,504,1.0,target-temperature,1.0000850154852112,0.9999149917418071,0.0007018148829619997,0.00017544833741304415,0.012085300819894963,0.987914699180105,0.9761904761904762,0.9823412698412699
Q8_K_XL,1,8+9+10+11+12+13+14+15,16+17,2,126,504,1.0,target-temperature+entropy-token,1.0000850154852112,0.9999149917418071,0.0007075281804748586,0.0001768854895601945,0.012164770796877588,0.9878352292031224,0.9781746031746031,0.9817460317460318
Q8_K_XL,1,8+9+10+11+12+13+14+15,16+17,2,126,504,1.0,target-temperature+token,1.0000850154852112,0.9999149917418071,0.0007134665253957,0.00017835913834787995,0.012215772295033074,0.9877842277049669,0.9821428571428571,0.9823412698412699
Q8_K_XL,1,8+9+10+11+12+13+14+15,16+17+18+19,4,252,504,0.8,identity,1.0007693780058038,0.7993849707853077,0.0008586668551635934,0.00021472475964285493,0.012499916232177687,0.9875000837678223,0.9761904761904762,0.9823412698412699
Q8_K_XL,1,8+9+10+11+12+13+14+15,16+17+18+19,4,252,504,0.8,target-temperature,1.0007693780058038,0.7993849707853077,0.0008598931051258318,0.00021494631548682805,0.012508883888736324,0.9874911161112637,0.9761904761904762,0.9823412698412699
Q8_K_XL,1,8+9+10+11+12+13+14+15,16+17+18+19,4,252,504,0.8,target-temperature+entropy-token,1.0007693780058038,0.7993849707853077,0.0008698555733866121,0.00021742820936391036,0.012622446207341992,0.987377553792658,0.9801587301587301,0.9815476190476191
Q8_K_XL,1,8+9+10+11+12+13+14+15,16+17+18+19,4,252,504,0.8,target-temperature+token,1.0007693780058038,0.7993849707853077,0.0008707991490379043,0.00021766840084920216,0.012640492670808865,0.9873595073291911,0.9821428571428571,0.9823412698412699
Q8_K_XL,1,8+9+10+11+12+13+14+15,16+17+18+19,4,252,504,1.0,identity,1.0003857542459644,0.9996143945029933,0.0007017202721698537,0.0001754342576450648,0.012084404602921229,0.9879155953970787,0.9761904761904762,0.9823412698412699
Q8_K_XL,1,8+9+10+11+12+13+14+15,16+17+18+19,4,252,504,1.0,target-temperature,1.0003857542459644,0.9996143945029933,0.000702369625077087,0.00017555702623821168,0.012091097283300788,0.9879089027166992,0.9761904761904762,0.9823412698412699
Q8_K_XL,1,8+9+10+11+12+13+14+15,16+17+18+19,4,252,504,1.0,target-temperature+entropy-token,1.0003857542459644,0.9996143945029933,0.0007057683184021538,0.0001764223969891247,0.012146806740713962,0.987853193259286,0.9801587301587301,0.9821428571428571
Q8_K_XL,1,8+9+10+11+12+13+14+15,16+17+18+19,4,252,504,1.0,target-temperature+token,1.0003857542459644,0.9996143945029933,0.0007090854730454529,0.00017724199559081695,0.012174890559391669,0.9878251094406083,0.9821428571428571,0.9823412698412699
Q8_K_XL,1,8+9+10+11+12+13+14+15,16+17+18+19+20+21+22+23,8,504,504,0.8,identity,1.000547395230265,0.7995623233978724,0.0008586668551635934,0.00021472475964285493,0.012499916232177687,0.9875000837678223,0.9761904761904762,0.9823412698412699
Q8_K_XL,1,8+9+10+11+12+13+14+15,16+17+18+19+20+21+22+23,8,504,504,0.8,target-temperature,1.000547395230265,0.7995623233978724,0.0008594009476838049,0.00021485007321836843,0.012505038984213334,0.9874949610157867,0.9761904761904762,0.9823412698412699
Q8_K_XL,1,8+9+10+11+12+13+14+15,16+17+18+19+20+21+22+23,8,504,504,0.8,target-temperature+entropy-token,1.000547395230265,0.7995623233978724,0.0008720901893846252,0.00021800104439832042,0.01262172320624241,0.9873782767937576,0.9801587301587301,0.9811507936507936
Q8_K_XL,1,8+9+10+11+12+13+14+15,16+17+18+19+20+21+22+23,8,504,504,0.8,target-temperature+token,1.000547395230265,0.7995623233978724,0.000869266840335996,0.00021731917327666043,0.012602900921213257,0.9873970990787867,0.9821428571428571,0.9817460317460318
Q8_K_XL,1,8+9+10+11+12+13+14+15,16+17+18+19+20+21+22+23,8,504,504,1.0,identity,1.0001877209670211,0.9998123142655264,0.0007017202721698537,0.0001754342576450648,0.012084404602921229,0.9879155953970787,0.9761904761904762,0.9823412698412699
Q8_K_XL,1,8+9+10+11+12+13+14+15,16+17+18+19+20+21+22+23,8,504,504,1.0,target-temperature,1.0001877209670211,0.9998123142655264,0.0007019621659860975,0.00017547346781156468,0.012086726481548625,0.9879132735184514,0.9761904761904762,0.9823412698412699
Q8_K_XL,1,8+9+10+11+12+13+14+15,16+17+18+19+20+21+22+23,8,504,504,1.0,target-temperature+entropy-token,1.0001877209670211,0.9998123142655264,0.0007041816970889222,0.00017604284839916367,0.012105179963869193,0.9878948200361308,0.9781746031746031,0.9819444444444444
Q8_K_XL,1,8+9+10+11+12+13+14+15,16+17+18+19+20+21+22+23,8,504,504,1.0,target-temperature+token,1.0001877209670211,0.9998123142655264,0.0007083584171403916,0.0001770807671192875,0.012152734301839557,0.9878472656981604,0.9821428571428571,0.9817460317460318
Q8_K_XL,1,8+9+10+11+12+13+14+15,16+17+18+19+20+21+22+23+24+25+26+27+28+29+30+31,16,1008,504,0.8,identity,1.0000172722843954,0.799986182411145,0.0008586668551635934,0.00021472475964285493,0.012499916232177687,0.9875000837678223,0.9761904761904762,0.9823412698412699
Q8_K_XL,1,8+9+10+11+12+13+14+15,16+17+18+19+20+21+22+23+24+25+26+27+28+29+30+31,16,1008,504,0.8,target-temperature,1.0000172722843954,0.799986182411145,0.0008586800943352932,0.00021472678997891094,0.012499995782384362,0.9875000042176156,0.9761904761904762,0.9823412698412699
Q8_K_XL,1,8+9+10+11+12+13+14+15,16+17+18+19+20+21+22+23+24+25+26+27+28+29+30+31,16,1008,504,0.8,target-temperature+entropy-token,1.0000172722843954,0.799986182411145,0.0008663759537048597,0.00021663116877783362,0.012568874298157876,0.9874311257018421,0.9821428571428571,0.9823412698412699
Q8_K_XL,1,8+9+10+11+12+13+14+15,16+17+18+19+20+21+22+23+24+25+26+27+28+29+30+31,16,1008,504,0.8,target-temperature+token,1.0000172722843954,0.799986182411145,0.0008659452687319365,0.00021653914072147608,0.012572738358614171,0.9874272616413858,0.9801587301587301,0.9819444444444444
Q8_K_XL,1,8+9+10+11+12+13+14+15,16+17+18+19+20+21+22+23+24+25+26+27+28+29+30+31,16,1008,504,1.0,identity,0.9997520007081969,1.0002480608107085,0.0007017202721698537,0.0001754342576450648,0.012084404602921229,0.9879155953970787,0.9761904761904762,0.9823412698412699
Q8_K_XL,1,8+9+10+11+12+13+14+15,16+17+18+19+20+21+22+23+24+25+26+27+28+29+30+31,16,1008,504,1.0,target-temperature,0.9997520007081969,1.0002480608107085,0.0007016173512864682,0.00017542992638274244,0.01208345220999308,0.9879165477900069,0.9761904761904762,0.9823412698412699
Q8_K_XL,1,8+9+10+11+12+13+14+15,16+17+18+19+20+21+22+23+24+25+26+27+28+29+30+31,16,1008,504,1.0,target-temperature+entropy-token,0.9997520007081969,1.0002480608107085,0.0007043966904745281,0.00017611892234267515,0.012111473060552646,0.9878885269394474,0.9821428571428571,0.9819444444444445
Q8_K_XL,1,8+9+10+11+12+13+14+15,16+17+18+19+20+21+22+23+24+25+26+27+28+29+30+31,16,1008,504,1.0,target-temperature+token,0.9997520007081969,1.0002480608107085,0.0007065860620372459,0.00017666784999941548,0.012131696795153048,0.987868303204847,0.9801587301587301,0.9819444444444444
Q8_K_XL,1,8+9+10+11+12+13+14+15,16+17+18+19+20+21+22+23+24+25+26+27+28+29+30+31+0+1+2+3+4+5+6+7,24,1512,504,0.8,identity,0.999370721424919,0.8005037398527616,0.0008586668551635934,0.00021472475964285493,0.012499916232177687,0.9875000837678223,0.9761904761904762,0.9823412698412699
Q8_K_XL,1,8+9+10+11+12+13+14+15,16+17+18+19+20+21+22+23+24+25+26+27+28+29+30+31+0+1+2+3+4+5+6+7,24,1512,504,0.8,target-temperature,0.999370721424919,0.8005037398527616,0.0008586696426911963,0.00021479479427593124,0.012501111509031434,0.9874988884909686,0.9761904761904762,0.9823412698412699
Q8_K_XL,1,8+9+10+11+12+13+14+15,16+17+18+19+20+21+22+23+24+25+26+27+28+29+30+31+0+1+2+3+4+5+6+7,24,1512,504,0.8,target-temperature+entropy-token,0.999370721424919,0.8005037398527616,0.0008685021125062859,0.00021722328501267503,0.012574337668683043,0.987425662331317,0.9761904761904762,0.9823412698412699
Q8_K_XL,1,8+9+10+11+12+13+14+15,16+17+18+19+20+21+22+23+24+25+26+27+28+29+30+31+0+1+2+3+4+5+6+7,24,1512,504,0.8,target-temperature+token,0.999370721424919,0.8005037398527616,0.0008658651299801404,0.00021658478975783427,0.012550905902119786,0.9874490940978802,0.9761904761904762,0.9819444444444444
Q8_K_XL,1,8+9+10+11+12+13+14+15,16+17+18+19+20+21+22+23+24+25+26+27+28+29+30+31+0+1+2+3+4+5+6+7,24,1512,504,1.0,identity,0.9992550249580758,1.0007455304434976,0.0007017202721698537,0.0001754342576450648,0.012084404602921229,0.9879155953970787,0.9761904761904762,0.9823412698412699
Q8_K_XL,1,8+9+10+11+12+13+14+15,16+17+18+19+20+21+22+23+24+25+26+27+28+29+30+31+0+1+2+3+4+5+6+7,24,1512,504,1.0,target-temperature,0.9992550249580758,1.0007455304434976,0.0007021280412050406,0.0001756033514166986,0.012089475911305646,0.9879105240886944,0.9761904761904762,0.9823412698412699
Q8_K_XL,1,8+9+10+11+12+13+14+15,16+17+18+19+20+21+22+23+24+25+26+27+28+29+30+31+0+1+2+3+4+5+6+7,24,1512,504,1.0,target-temperature+entropy-token,0.9992550249580758,1.0007455304434976,0.00070685955688938,0.0001767750208832231,0.012104270550378621,0.9878957294496213,0.9781746031746031,0.9823412698412699
Q8_K_XL,1,8+9+10+11+12+13+14+15,16+17+18+19+20+21+22+23+24+25+26+27+28+29+30+31+0+1+2+3+4+5+6+7,24,1512,504,1.0,target-temperature+token,0.9992550249580758,1.0007455304434976,0.0007082277752876978,0.00017711772459813547,0.012132658011741194,0.9878673419882588,0.9761904761904762,0.9819444444444444
Q8_K_XL,2,16+17+18+19+20+21+22+23,24,1,63,504,0.8,identity,0.998504729114677,0.8011980080548232,0.0009578225085658963,0.0002396278600387124,0.013935435860898699,0.9860645641391013,0.9722222222222222,0.9823412698412699
Q8_K_XL,2,16+17+18+19+20+21+22+23,24,1,63,504,0.8,target-temperature,0.998504729114677,0.8011980080548232,0.0009631399268721822,0.0002410967864646927,0.013992077519057533,0.9860079224809425,0.9722222222222222,0.9823412698412699
Q8_K_XL,2,16+17+18+19+20+21+22+23,24,1,63,504,0.8,target-temperature+entropy-token,0.998504729114677,0.8011980080548232,0.0009669180376481034,0.00024198974237033804,0.014018050173132247,0.9859819498268677,0.9722222222222222,0.9823412698412699
Q8_K_XL,2,16+17+18+19+20+21+22+23,24,1,63,504,0.8,target-temperature+token,0.998504729114677,0.8011980080548232,0.0009668718695397969,0.0002419901313316723,0.014031155295647016,0.985968844704353,0.9742063492063492,0.9821428571428571
Q8_K_XL,2,16+17+18+19+20+21+22+23,24,1,63,504,1.0,identity,0.9988064013556116,1.0011950250246378,0.0007441899498884043,0.00018604685959358646,0.01301488046263128,0.9869851195373687,0.9722222222222222,0.9823412698412699
Q8_K_XL,2,16+17+18+19+20+21+22+23,24,1,63,504,1.0,target-temperature,0.9988064013556116,1.0011950250246378,0.0007483037222648084,0.00018716876847587235,0.01306324384633251,0.9869367561536675,0.9722222222222222,0.9823412698412699
Q8_K_XL,2,16+17+18+19+20+21+22+23,24,1,63,504,1.0,target-temperature+entropy-token,0.9988064013556116,1.0011950250246378,0.0007516593702078016,0.00018798038443593046,0.013098600053272744,0.9869013999467272,0.9722222222222222,0.9819444444444445
Q8_K_XL,2,16+17+18+19+20+21+22+23,24,1,63,504,1.0,target-temperature+token,0.9988064013556116,1.0011950250246378,0.0007505121351432955,0.00018770779050214514,0.013078886940091267,0.9869211130599087,0.9742063492063492,0.9821428571428571
Q8_K_XL,2,16+17+18+19+20+21+22+23,24+25,2,126,504,0.8,identity,0.9994736886088129,0.8004212708325876,0.0009578225085658963,0.0002396278600387124,0.013935435860898699,0.9860645641391013,0.9722222222222222,0.9823412698412699
Q8_K_XL,2,16+17+18+19+20+21+22+23,24+25,2,126,504,0.8,target-temperature,0.9994736886088129,0.8004212708325876,0.0009590029916943587,0.0002399723257245863,0.013949304539203069,0.9860506954607969,0.9722222222222222,0.9823412698412699
Q8_K_XL,2,16+17+18+19+20+21+22+23,24+25,2,126,504,0.8,target-temperature+entropy-token,0.9994736886088129,0.8004212708325876,0.0009654196828656688,0.0002414769341310192,0.014019909339695451,0.9859800906603046,0.9742063492063492,0.9829365079365079
Q8_K_XL,2,16+17+18+19+20+21+22+23,24+25,2,126,504,0.8,target-temperature+token,0.9994736886088129,0.8004212708325876,0.0009734369365636286,0.0002434863609159021,0.01410194150638831,0.9858980584936117,0.9761904761904762,0.982936507936508
Q8_K_XL,2,16+17+18+19+20+21+22+23,24+25,2,126,504,1.0,identity,0.9993002068440199,1.0007002832093772,0.0007441899498884043,0.00018604685959358646,0.01301488046263128,0.9869851195373687,0.9722222222222222,0.9823412698412699
Q8_K_XL,2,16+17+18+19+20+21+22+23,24+25,2,126,504,1.0,target-temperature,0.9993002068440199,1.0007002832093772,0.0007458402327802195,0.00018651449529570575,0.013036208767639364,0.9869637912323607,0.9722222222222222,0.9823412698412699
Q8_K_XL,2,16+17+18+19+20+21+22+23,24+25,2,126,504,1.0,target-temperature+entropy-token,0.9993002068440199,1.0007002832093772,0.000753053318271826,0.00018827210938808669,0.01313139232864174,0.9868686076713583,0.9761904761904762,0.9835317460317461
Q8_K_XL,2,16+17+18+19+20+21+22+23,24+25,2,126,504,1.0,target-temperature+token,0.9993002068440199,1.0007002832093772,0.0007571269304147139,0.00018928474310507868,0.013160781114944285,0.9868392188850558,0.9761904761904762,0.982936507936508
Q8_K_XL,2,16+17+18+19+20+21+22+23,24+25+26+27,4,252,504,0.8,identity,0.99964059931956,0.8002876239165834,0.0009578225085658963,0.0002396278600387124,0.013935435860898699,0.9860645641391013,0.9722222222222222,0.9823412698412699
Q8_K_XL,2,16+17+18+19+20+21+22+23,24+25+26+27,4,252,504,0.8,target-temperature,0.99964059931956,0.8002876239165834,0.0009585474075844786,0.00023984368287246861,0.01394408225768503,0.9860559177423149,0.9722222222222222,0.9823412698412699
Q8_K_XL,2,16+17+18+19+20+21+22+23,24+25+26+27,4,252,504,0.8,target-temperature+entropy-token,0.99964059931956,0.8002876239165834,0.0009651710658232205,0.00024144340017446492,0.013984183986402677,0.9860158160135973,0.9722222222222222,0.9831349206349206
Q8_K_XL,2,16+17+18+19+20+21+22+23,24+25+26+27,4,252,504,0.8,target-temperature+token,0.99964059931956,0.8002876239165834,0.0009703639121114398,0.00024274200671823805,0.014049988866318924,0.9859500111336811,0.9722222222222222,0.9829365079365079
Q8_K_XL,2,16+17+18+19+20+21+22+23,24+25+26+27,4,252,504,1.0,identity,0.9995959204529069,1.0004042428933784,0.0007441899498884043,0.00018604685959358646,0.01301488046263128,0.9869851195373687,0.9722222222222222,0.9823412698412699
Q8_K_XL,2,16+17+18+19+20+21+22+23,24+25+26+27,4,252,504,1.0,target-temperature,0.9995959204529069,1.0004042428933784,0.0007448796646582727,0.00018625108691769674,0.013024903108888765,0.9869750968911112,0.9722222222222222,0.9823412698412699
Q8_K_XL,2,16+17+18+19+20+21+22+23,24+25+26+27,4,252,504,1.0,target-temperature+entropy-token,0.9995959204529069,1.0004042428933784,0.000753178033963399,0.00018830413532496622,0.013107356912952482,0.9868926430870475,0.9722222222222222,0.9835317460317461
Q8_K_XL,2,16+17+18+19+20+21+22+23,24+25+26+27,4,252,504,1.0,target-temperature+token,0.9995959204529069,1.0004042428933784,0.000752675038713771,0.00018817718835879255,0.013106065489512816,0.9868939345104872,0.9722222222222222,0.9831349206349206
Q8_K_XL,2,16+17+18+19+20+21+22+23,24+25+26+27+28+29+30+31,8,504,504,0.8,identity,0.9995215317311784,0.800382957848236,0.0009578225085658963,0.0002396278600387124,0.013935435860898699,0.9860645641391013,0.9722222222222222,0.9823412698412699
Q8_K_XL,2,16+17+18+19+20+21+22+23,24+25+26+27+28+29+30+31,8,504,504,0.8,target-temperature,0.9995215317311784,0.800382957848236,0.0009588651093933815,0.0002399329814890849,0.013947719672411867,0.9860522803275882,0.9722222222222222,0.9823412698412699
Q8_K_XL,2,16+17+18+19+20+21+22+23,24+25+26+27+28+29+30+31,8,504,504,0.8,target-temperature+entropy-token,0.9995215317311784,0.800382957848236,0.000965759913437406,0.00024161050521965966,0.01400962280088154,0.9859903771991184,0.9742063492063492,0.9827380952380953
Q8_K_XL,2,16+17+18+19+20+21+22+23,24+25+26+27+28+29+30+31,8,504,504,0.8,target-temperature+token,0.9995215317311784,0.800382957848236,0.0009697090984204361,0.00024260305433953085,0.014062821904988122,0.9859371780950119,0.9722222222222222,0.9829365079365079
Q8_K_XL,2,16+17+18+19+20+21+22+23,24+25+26+27+28+29+30+31,8,504,504,1.0,identity,0.9993426251087568,1.0006578073172567,0.0007441899498884043,0.00018604685959358646,0.01301488046263128,0.9869851195373687,0.9722222222222222,0.9823412698412699
Q8_K_XL,2,16+17+18+19+20+21+22+23,24+25+26+27+28+29+30+31,8,504,504,1.0,target-temperature,0.9993426251087568,1.0006578073172567,0.0007456764912864588,0.00018647105068109093,0.013034369311062692,0.9869656306889373,0.9722222222222222,0.9823412698412699
Q8_K_XL,2,16+17+18+19+20+21+22+23,24+25+26+27+28+29+30+31,8,504,504,1.0,target-temperature+entropy-token,0.9993426251087568,1.0006578073172567,0.0007532703707480794,0.00018835215642633318,0.01312042684657215,0.9868795731534279,0.9761904761904762,0.9833333333333334
Q8_K_XL,2,16+17+18+19+20+21+22+23,24+25+26+27+28+29+30+31,8,504,504,1.0,target-temperature+token,0.9993426251087568,1.0006578073172567,0.0007515997657226727,0.0001879340887496371,0.013113278185429292,0.9868867218145707,0.9722222222222222,0.9829365079365079
Q8_K_XL,2,16+17+18+19+20+21+22+23,24+25+26+27+28+29+30+31+0+1+2+3+4+5+6+7,16,1008,504,0.8,identity,0.9987743898972387,0.8009816912529265,0.0009578225085658963,0.0002396278600387124,0.013935435860898699,0.9860645641391013,0.9722222222222222,0.9823412698412699
Q8_K_XL,2,16+17+18+19+20+21+22+23,24+25+26+27+28+29+30+31+0+1+2+3+4+5+6+7,16,1008,504,0.8,target-temperature,0.9987743898972387,0.8009816912529265,0.0009617324603608086,0.00024071879810998872,0.013978707589715434,0.9860212924102846,0.9722222222222222,0.9823412698412699
Q8_K_XL,2,16+17+18+19+20+21+22+23,24+25+26+27+28+29+30+31+0+1+2+3+4+5+6+7,16,1008,504,0.8,target-temperature+entropy-token,0.9987743898972387,0.8009816912529265,0.0009721862568486403,0.00024322279190913698,0.014086210729526361,0.9859137892704737,0.9722222222222222,0.9829365079365079
Q8_K_XL,2,16+17+18+19+20+21+22+23,24+25+26+27+28+29+30+31+0+1+2+3+4+5+6+7,16,1008,504,0.8,target-temperature+token,0.9987743898972387,0.8009816912529265,0.0009728106263687684,0.00024339227771296562,0.014084357039230836,0.9859156429607692,0.9742063492063492,0.9829365079365079
Q8_K_XL,2,16+17+18+19+20+21+22+23,24+25+26+27+28+29+30+31+0+1+2+3+4+5+6+7,16,1008,504,1.0,identity,0.9987864206773257,1.0012150538869475,0.0007441899498884043,0.00018604685959358646,0.01301488046263128,0.9869851195373687,0.9722222222222222,0.9823412698412699
Q8_K_XL,2,16+17+18+19+20+21+22+23,24+25+26+27+28+29+30+31+0+1+2+3+4+5+6+7,16,1008,504,1.0,target-temperature,0.9987864206773257,1.0012150538869475,0.0007484243561071665,0.00018720236954398718,0.013064560586027283,0.9869354394139728,0.9722222222222222,0.9823412698412699
Q8_K_XL,2,16+17+18+19+20+21+22+23,24+25+26+27+28+29+30+31+0+1+2+3+4+5+6+7,16,1008,504,1.0,target-temperature+entropy-token,0.9987864206773257,1.0012150538869475,0.0007573335017008998,0.00018938415936743338,0.013158549260000409,0.9868414507399996,0.9742063492063492,0.9827380952380953
Q8_K_XL,2,16+17+18+19+20+21+22+23,24+25+26+27+28+29+30+31+0+1+2+3+4+5+6+7,16,1008,504,1.0,target-temperature+token,0.9987864206773257,1.0012150538869475,0.0007546435381326903,0.00018871268695264825,0.013133031225680814,0.9868669687743192,0.9742063492063492,0.9829365079365079
Q8_K_XL,2,16+17+18+19+20+21+22+23,24+25+26+27+28+29+30+31+0+1+2+3+4+5+6+7+8+9+10+11+12+13+14+15,24,1512,504,0.8,identity,0.9990417711293987,0.8007673183630896,0.0009578225085658963,0.0002396278600387124,0.013935435860898699,0.9860645641391013,0.9722222222222222,0.9823412698412699
Q8_K_XL,2,16+17+18+19+20+21+22+23,24+25+26+27+28+29+30+31+0+1+2+3+4+5+6+7+8+9+10+11+12+13+14+15,24,1512,504,0.8,target-temperature,0.9990417711293987,0.8007673183630896,0.0009605326186861974,0.00024039298381222854,0.013966611579332962,0.986033388420667,0.9722222222222222,0.9823412698412699
Q8_K_XL,2,16+17+18+19+20+21+22+23,24+25+26+27+28+29+30+31+0+1+2+3+4+5+6+7+8+9+10+11+12+13+14+15,24,1512,504,0.8,target-temperature+entropy-token,0.9990417711293987,0.8007673183630896,0.000972828545353153,0.00024337792628471513,0.014094390656330193,0.9859056093436698,0.9702380952380952,0.9833333333333334
Q8_K_XL,2,16+17+18+19+20+21+22+23,24+25+26+27+28+29+30+31+0+1+2+3+4+5+6+7+8+9+10+11+12+13+14+15,24,1512,504,0.8,target-temperature+token,0.9990417711293987,0.8007673183630896,0.0009704340990957208,0.00024278221262278758,0.014060386006094284,0.9859396139939057,0.9722222222222222,0.9831349206349206
Q8_K_XL,2,16+17+18+19+20+21+22+23,24+25+26+27+28+29+30+31+0+1+2+3+4+5+6+7+8+9+10+11+12+13+14+15,24,1512,504,1.0,identity,0.9990892764080692,1.0009115537654503,0.0007441899498884043,0.00018604685959358646,0.01301488046263128,0.9869851195373687,0.9722222222222222,0.9823412698412699
Q8_K_XL,2,16+17+18+19+20+21+22+23,24+25+26+27+28+29+30+31+0+1+2+3+4+5+6+7+8+9+10+11+12+13+14+15,24,1512,504,1.0,target-temperature,0.9990892764080692,1.0009115537654503,0.0007467615130539887,0.00018676156738060284,0.013046600215577402,0.9869533997844226,0.9722222222222222,0.9823412698412699
Q8_K_XL,2,16+17+18+19+20+21+22+23,24+25+26+27+28+29+30+31+0+1+2+3+4+5+6+7+8+9+10+11+12+13+14+15,24,1512,504,1.0,target-temperature+entropy-token,0.9990892764080692,1.0009115537654503,0.0007529238489294044,0.00018826604019777938,0.01312553977557703,0.9868744602244229,0.9702380952380952,0.9831349206349206
Q8_K_XL,2,16+17+18+19+20+21+22+23,24+25+26+27+28+29+30+31+0+1+2+3+4+5+6+7+8+9+10+11+12+13+14+15,24,1512,504,1.0,target-temperature+token,0.9990892764080692,1.0009115537654503,0.0007514552604917521,0.00018789276586997933,0.013104853626386002,0.986895146373614,0.9742063492063492,0.9831349206349206
Q8_K_XL,3,24+25+26+27+28+29+30+31,0,1,63,504,0.8,identity,0.997101695734882,0.8023253830797926,0.000938291547682502,0.00023448104213178507,0.014325888605065465,0.9856741113949345,0.9821428571428571,0.9827380952380954
Q8_K_XL,3,24+25+26+27+28+29+30+31,0,1,63,504,0.8,target-temperature,0.997101695734882,0.8023253830797926,0.0009466057707564441,0.00023687514460268844,0.01442617318059881,0.9855738268194012,0.9821428571428571,0.9827380952380954
Q8_K_XL,3,24+25+26+27+28+29+30+31,0,1,63,504,0.8,target-temperature+entropy-token,0.997101695734882,0.8023253830797926,0.0009650658139194596,0.0002415018445186281,0.014528742055594405,0.9854712579444056,0.9801587301587301,0.9823412698412699
Q8_K_XL,3,24+25+26+27+28+29+30+31,0,1,63,504,0.8,target-temperature+token,0.997101695734882,0.8023253830797926,0.0009784709497402029,0.00024488309524996573,0.014624927054595071,0.9853750729454049,0.9781746031746031,0.9815476190476191
Q8_K_XL,3,24+25+26+27+28+29+30+31,0,1,63,504,1.0,identity,0.9978723352876014,1.002132201321911,0.0007516145345067097,0.00018782105926688664,0.013467237600456617,0.9865327623995434,0.9821428571428571,0.9827380952380954
Q8_K_XL,3,24+25+26+27+28+29+30+31,0,1,63,504,1.0,target-temperature,0.9978723352876014,1.002132201321911,0.0007556763998937333,0.00018902648041038914,0.013521095187094207,0.9864789048129058,0.9821428571428571,0.9827380952380954
Q8_K_XL,3,24+25+26+27+28+29+30+31,0,1,63,504,1.0,target-temperature+entropy-token,0.9978723352876014,1.002132201321911,0.0007693151525366091,0.00019244209470341872,0.013634646804829363,0.9863653531951706,0.9801587301587301,0.9825396825396826
Q8_K_XL,3,24+25+26+27+28+29+30+31,0,1,63,504,1.0,target-temperature+token,0.9978723352876014,1.002132201321911,0.000778265821703818,0.00019468627458702368,0.013712596009347924,0.9862874039906521,0.9781746031746031,0.9819444444444444
Q8_K_XL,3,24+25+26+27+28+29+30+31,0+1,2,126,504,0.8,identity,0.9954551028482289,0.8036525180402548,0.000938291547682502,0.00023448104213178507,0.014325888605065465,0.9856741113949345,0.9821428571428571,0.9827380952380954
Q8_K_XL,3,24+25+26+27+28+29+30+31,0+1,2,126,504,0.8,target-temperature,0.9954551028482289,0.8036525180402548,0.0009622185265375787,0.00024097458994253712,0.0145614610339225,0.9854385389660775,0.9821428571428571,0.9827380952380954
Q8_K_XL,3,24+25+26+27+28+29+30+31,0+1,2,126,504,0.8,target-temperature+entropy-token,0.9954551028482289,0.8036525180402548,0.001098670121037184,0.00027533834655271,0.01550856824618375,0.9844914317538163,0.9781746031746031,0.9827380952380953
Q8_K_XL,3,24+25+26+27+28+29+30+31,0+1,2,126,504,0.8,target-temperature+token,0.9954551028482289,0.8036525180402548,0.0012072450572209374,0.00030265517750679126,0.01638708697858291,0.9836129130214171,0.9781746031746031,0.9811507936507937
Q8_K_XL,3,24+25+26+27+28+29+30+31,0+1,2,126,504,1.0,identity,0.9961744537516474,1.0038402372535709,0.0007516145345067097,0.00018782105926688664,0.013467237600456617,0.9865327623995434,0.9821428571428571,0.9827380952380954
Q8_K_XL,3,24+25+26+27+28+29+30+31,0+1,2,126,504,1.0,target-temperature,0.9961744537516474,1.0038402372535709,0.0007742068296308398,0.0001938168138922632,0.013704037829577085,0.9862959621704229,0.9821428571428571,0.9827380952380954
Q8_K_XL,3,24+25+26+27+28+29+30+31,0+1,2,126,504,1.0,target-temperature+entropy-token,0.9961744537516474,1.0038402372535709,0.0009055514942325711,0.0002269712161628821,0.014798883746095275,0.9852011162539047,0.9781746031746031,0.9819444444444446
Q8_K_XL,3,24+25+26+27+28+29+30+31,0+1,2,126,504,1.0,target-temperature+token,0.9961744537516474,1.0038402372535709,0.000954247680899883,0.00023915024605325244,0.015348679909308997,0.984651320090691,0.9781746031746031,0.9815476190476191
Q8_K_XL,3,24+25+26+27+28+29+30+31,0+1+2+3,4,252,504,0.8,identity,0.9969682677951908,0.8024327612444588,0.000938291547682502,0.00023448104213178507,0.014325888605065465,0.9856741113949345,0.9821428571428571,0.9827380952380954
Q8_K_XL,3,24+25+26+27+28+29+30+31,0+1+2+3,4,252,504,0.8,target-temperature,0.9969682677951908,0.8024327612444588,0.0009475787195262367,0.00023713221874090018,0.014435187826052355,0.9855648121739476,0.9821428571428571,0.9827380952380954
Q8_K_XL,3,24+25+26+27+28+29+30+31,0+1+2+3,4,252,504,0.8,target-temperature+entropy-token,0.9969682677951908,0.8024327612444588,0.0009872476811266444,0.00024708226684205055,0.014752836865998178,0.9852471631340018,0.9801587301587301,0.9835317460317461
Q8_K_XL,3,24+25+26+27+28+29+30+31,0+1+2+3,4,252,504,0.8,target-temperature+token,0.9969682677951908,0.8024327612444588,0.0010234503028194377,0.00025616263690834257,0.015049360806891681,0.9849506391931083,0.9781746031746031,0.9827380952380953
Q8_K_XL,3,24+25+26+27+28+29+30+31,0+1+2+3,4,252,504,1.0,identity,0.9975363320153414,1.0024697526351558,0.0007516145345067097,0.00018782105926688664,0.013467237600456617,0.9865327623995434,0.9821428571428571,0.9827380952380954
Q8_K_XL,3,24+25+26+27+28+29+30+31,0+1+2+3,4,252,504,1.0,target-temperature,0.9975363320153414,1.0024697526351558,0.0007582634452047599,0.0001897048951733001,0.013546741858651299,0.9864532581413487,0.9821428571428571,0.9827380952380954
Q8_K_XL,3,24+25+26+27+28+29+30+31,0+1+2+3,4,252,504,1.0,target-temperature+entropy-token,0.9975363320153414,1.0024697526351558,0.0007981503259653325,0.00019973861281735993,0.013936820345612605,0.9860631796543874,0.9801587301587301,0.9825396825396826
Q8_K_XL,3,24+25+26+27+28+29+30+31,0+1+2+3,4,252,504,1.0,target-temperature+token,0.9975363320153414,1.0024697526351558,0.000815250166757214,0.00020401214685927287,0.014122587039092119,0.9858774129609079,0.9801587301587301,0.9827380952380953
Q8_K_XL,3,24+25+26+27+28+29+30+31,0+1+2+3+4+5+6+7,8,504,504,0.8,identity,0.9978907330465848,0.8016909802915801,0.000938291547682502,0.00023448104213178507,0.014325888605065465,0.9856741113949345,0.9821428571428571,0.9827380952380954
Q8_K_XL,3,24+25+26+27+28+29+30+31,0+1+2+3+4+5+6+7,8,504,504,0.8,target-temperature,0.9978907330465848,0.8016909802915801,0.0009419270325383189,0.00023561776648913774,0.014380792106464415,0.9856192078935356,0.9821428571428571,0.9827380952380954
Q8_K_XL,3,24+25+26+27+28+29+30+31,0+1+2+3+4+5+6+7,8,504,504,0.8,target-temperature+entropy-token,0.9978907330465848,0.8016909802915801,0.0009625249985333018,0.0002407190089101694,0.014520803085169629,0.9854791969148303,0.9801587301587301,0.9821428571428571
Q8_K_XL,3,24+25+26+27+28+29+30+31,0+1+2+3+4+5+6+7,8,504,504,0.8,target-temperature+token,0.9978907330465848,0.8016909802915801,0.0009647761134936118,0.00024131266810312608,0.014563418808347418,0.9854365811916526,0.9821428571428571,0.9825396825396826
Q8_K_XL,3,24+25+26+27+28+29+30+31,0+1+2+3+4+5+6+7,8,504,504,1.0,identity,0.9981476389854668,1.0018557986235543,0.0007516145345067097,0.00018782105926688664,0.013467237600456617,0.9865327623995434,0.9821428571428571,0.9827380952380954
Q8_K_XL,3,24+25+26+27+28+29+30+31,0+1+2+3+4+5+6+7,8,504,504,1.0,target-temperature,0.9981476389854668,1.0018557986235543,0.0007539536602215611,0.00018856992750290163,0.013504421149948015,0.986495578850052,0.9821428571428571,0.9827380952380954
Q8_K_XL,3,24+25+26+27+28+29+30+31,0+1+2+3+4+5+6+7,8,504,504,1.0,target-temperature+entropy-token,0.9981476389854668,1.0018557986235543,0.0007740013681604417,0.000193579224012419,0.013699610260431878,0.9863003897395681,0.9801587301587301,0.9829365079365081
Q8_K_XL,3,24+25+26+27+28+29+30+31,0+1+2+3+4+5+6+7,8,504,504,1.0,target-temperature+token,0.9981476389854668,1.0018557986235543,0.0007706717892836416,0.00019275428870630624,0.01367853853997758,0.9863214614600224,0.9821428571428571,0.9825396825396826
Q8_K_XL,3,24+25+26+27+28+29+30+31,0+1+2+3+4+5+6+7+8+9+10+11+12+13+14+15,16,1008,504,0.8,identity,0.9987481725613768,0.8010027171797774,0.000938291547682502,0.00023448104213178507,0.014325888605065465,0.9856741113949345,0.9821428571428571,0.9827380952380954
Q8_K_XL,3,24+25+26+27+28+29+30+31,0+1+2+3+4+5+6+7+8+9+10+11+12+13+14+15,16,1008,504,0.8,target-temperature,0.9987481725613768,0.8010027171797774,0.0009388927497498925,0.00023476382890350562,0.01434816926038856,0.9856518307396115,0.9821428571428571,0.9827380952380954
Q8_K_XL,3,24+25+26+27+28+29+30+31,0+1+2+3+4+5+6+7+8+9+10+11+12+13+14+15,16,1008,504,0.8,target-temperature+entropy-token,0.9987481725613768,0.8010027171797774,0.0009472351098460815,0.000236843818495205,0.014413655109907308,0.9855863448900927,0.9821428571428571,0.9835317460317461
Q8_K_XL,3,24+25+26+27+28+29+30+31,0+1+2+3+4+5+6+7+8+9+10+11+12+13+14+15,16,1008,504,0.8,target-temperature+token,0.9987481725613768,0.8010027171797774,0.0009503158541385188,0.00023761439307538505,0.014438859585482881,0.9855611404145171,0.9841269841269841,0.9831349206349206
Q8_K_XL,3,24+25+26+27+28+29+30+31,0+1+2+3+4+5+6+7+8+9+10+11+12+13+14+15,16,1008,504,1.0,identity,0.9989410172837065,1.001060105349536,0.0007516145345067097,0.00018782105926688664,0.013467237600456617,0.9865327623995434,0.9821428571428571,0.9827380952380954
Q8_K_XL,3,24+25+26+27+28+29+30+31,0+1+2+3+4+5+6+7+8+9+10+11+12+13+14+15,16,1008,504,1.0,target-temperature,0.9989410172837065,1.001060105349536,0.0007509837980247878,0.0001877593666612233,0.0134730310876881,0.986526968912312,0.9821428571428571,0.9827380952380954
Q8_K_XL,3,24+25+26+27+28+29+30+31,0+1+2+3+4+5+6+7+8+9+10+11+12+13+14+15,16,1008,504,1.0,target-temperature+entropy-token,0.9989410172837065,1.001060105349536,0.00075934075341172,0.00018986481137643155,0.013559523522457897,0.9864404764775421,0.9841269841269841,0.9833333333333334
Q8_K_XL,3,24+25+26+27+28+29+30+31,0+1+2+3+4+5+6+7+8+9+10+11+12+13+14+15,16,1008,504,1.0,target-temperature+token,0.9989410172837065,1.001060105349536,0.00075818793118341,0.00018955696116084922,0.0135488293252403,0.9864511706747597,0.9841269841269841,0.9835317460317461
Q8_K_XL,3,24+25+26+27+28+29+30+31,0+1+2+3+4+5+6+7+8+9+10+11+12+13+14+15+16+17+18+19+20+21+22+23,24,1512,504,0.8,identity,0.9994030656313585,0.8004778327296921,0.000938291547682502,0.00023448104213178507,0.014325888605065465,0.9856741113949345,0.9821428571428571,0.9827380952380954
Q8_K_XL,3,24+25+26+27+28+29+30+31,0+1+2+3+4+5+6+7+8+9+10+11+12+13+14+15+16+17+18+19+20+21+22+23,24,1512,504,0.8,target-temperature,0.9994030656313585,0.8004778327296921,0.0009380121661462752,0.00023447212671231493,0.01433292920693082,0.9856670707930691,0.9821428571428571,0.9827380952380954
Q8_K_XL,3,24+25+26+27+28+29+30+31,0+1+2+3+4+5+6+7+8+9+10+11+12+13+14+15+16+17+18+19+20+21+22+23,24,1512,504,0.8,target-temperature+entropy-token,0.9994030656313585,0.8004778327296921,0.0009439867376744408,0.00023596301717496997,0.014356896724230916,0.9856431032757691,0.9841269841269841,0.9837301587301589
Q8_K_XL,3,24+25+26+27+28+29+30+31,0+1+2+3+4+5+6+7+8+9+10+11+12+13+14+15+16+17+18+19+20+21+22+23,24,1512,504,0.8,target-temperature+token,0.9994030656313585,0.8004778327296921,0.0009452966474243921,0.0002363023038044888,0.014382054497471439,0.9856179455025286,0.9841269841269841,0.9837301587301589
Q8_K_XL,3,24+25+26+27+28+29+30+31,0+1+2+3+4+5+6+7+8+9+10+11+12+13+14+15+16+17+18+19+20+21+22+23,24,1512,504,1.0,identity,0.9993834204200838,1.0006169599848445,0.0007516145345067097,0.00018782105926688664,0.013467237600456617,0.9865327623995434,0.9821428571428571,0.9827380952380954
Q8_K_XL,3,24+25+26+27+28+29+30+31,0+1+2+3+4+5+6+7+8+9+10+11+12+13+14+15+16+17+18+19+20+21+22+23,24,1512,504,1.0,target-temperature,0.9993834204200838,1.0006169599848445,0.0007506097162076109,0.00018762392279259902,0.013465145209972022,0.986534854790028,0.9821428571428571,0.9827380952380954
Q8_K_XL,3,24+25+26+27+28+29+30+31,0+1+2+3+4+5+6+7+8+9+10+11+12+13+14+15+16+17+18+19+20+21+22+23,24,1512,504,1.0,target-temperature+entropy-token,0.9993834204200838,1.0006169599848445,0.000757959915678802,0.00018946908677922256,0.013530811897636694,0.9864691881023633,0.9841269841269841,0.9835317460317461
Q8_K_XL,3,24+25+26+27+28+29+30+31,0+1+2+3+4+5+6+7+8+9+10+11+12+13+14+15+16+17+18+19+20+21+22+23,24,1512,504,1.0,target-temperature+token,0.9993834204200838,1.0006169599848445,0.0007543538966128356,0.000188564551561742,0.013500129442454925,0.9864998705575451,0.9841269841269841,0.9837301587301589
