source,trial,calibration_contexts,method,kl,js,tv,top1_flip,top10_overlap,fitted_scale
controlled:scale,0,2,identity,0.05295212707143143,0.01318083665178002,0.1337644962624187,0.03,0.9727500000000001,
controlled:scale,0,2,temperature,0.0009870510527298778,0.00024650353415230336,0.01766900312659267,0.03,0.9727500000000001,1.2296369471473965
controlled:scale,0,2,temperature+rank,0.001193825148054056,0.0002985291925827513,0.019608551882912807,0.03,0.9727500000000001,
controlled:scale,0,2,isotonic,0.0096305317448416,0.002226025906793437,0.03144019755909686,0.03833333333333333,0.9726666666666667,
controlled:scale,0,2,temperature+token-bias,0.0009930295705722987,0.00024800716798268686,0.017735402759064194,0.0325,0.9717500000000001,
controlled:scale,0,2,temperature+token-bias+PCA,0.0009930295705722996,0.00024800716798268675,0.017735402759064194,0.0325,0.9717500000000001,
controlled:scale,0,4,identity,0.05295212707143143,0.01318083665178002,0.1337644962624187,0.03,0.9727500000000001,
controlled:scale,0,4,temperature,0.000873633184369312,0.00021831023304493823,0.01655404050357977,0.03,0.9727500000000001,1.2220033601936005
controlled:scale,0,4,temperature+rank,0.0009459624127722974,0.00023640624646601428,0.017315732120645362,0.03,0.9727500000000001,
controlled:scale,0,4,isotonic,0.01039933171586334,0.0023858241939682446,0.03126375171723738,0.03833333333333333,0.9717500000000001,
controlled:scale,0,4,temperature+token-bias,0.000895491341658499,0.0002237636373250168,0.016769049259073826,0.030833333333333334,0.9718333333333333,
controlled:scale,0,4,temperature+token-bias+PCA,0.0009111572141410814,0.0002276908905091168,0.016902997612429083,0.03,0.9717500000000001,
controlled:scale,0,8,identity,0.05295212707143143,0.01318083665178002,0.1337644962624187,0.03,0.9727500000000001,
controlled:scale,0,8,temperature,0.0008629334553936078,0.00021568889835063798,0.016458388067110353,0.03,0.9727500000000001,1.2189108539804006
controlled:scale,0,8,temperature+rank,0.0008856504943346172,0.00022132227310058547,0.01670122407250575,0.03,0.9727500000000001,
controlled:scale,0,8,isotonic,0.010338135601489298,0.0023751226737634542,0.03149522495526273,0.03833333333333333,0.9722500000000001,
controlled:scale,0,8,temperature+token-bias,0.0008881022052845578,0.0002219716216953464,0.016700235509340338,0.035833333333333335,0.9714166666666665,
controlled:scale,0,8,temperature+token-bias+PCA,0.0009317162897173026,0.00023287547354821497,0.017110147151507316,0.030833333333333334,0.9716666666666667,
controlled:scale,0,16,identity,0.05295212707143143,0.01318083665178002,0.1337644962624187,0.03,0.9727500000000001,
controlled:scale,0,16,temperature,0.0008804462738016705,0.00022013672600222856,0.016675994451265885,0.03,0.9727500000000001,1.2147762368203403
controlled:scale,0,16,temperature+rank,0.0008888357389960131,0.0002222665391299606,0.01679021376274793,0.029166666666666667,0.9727500000000001,
controlled:scale,0,16,isotonic,0.002079662697170116,0.0005209520139077856,0.019460171814434938,0.030833333333333334,0.9720833333333333,
controlled:scale,0,16,temperature+token-bias,0.000892301584837058,0.00022307015901442865,0.016764934738030177,0.029166666666666667,0.9719166666666669,
controlled:scale,0,16,temperature+token-bias+PCA,0.0009297897693065956,0.00023245203567732697,0.017106660752051077,0.03166666666666667,0.9706666666666667,
controlled:scale,0,32,identity,0.05295212707143143,0.01318083665178002,0.1337644962624187,0.03,0.9727500000000001,
controlled:scale,0,32,temperature,0.0008841911533310522,0.000221080013268883,0.016717090258218978,0.03,0.9727500000000001,1.2143639107848672
controlled:scale,0,32,temperature+rank,0.0008905110010548582,0.00022267257566271247,0.016793106200169484,0.03,0.9727500000000001,
controlled:scale,0,32,isotonic,0.0020440036440140157,0.0005120202381106414,0.019310980543468206,0.030833333333333334,0.9720000000000001,
controlled:scale,0,32,temperature+token-bias,0.0008862819861305463,0.00022157698692265137,0.016714879177089876,0.030833333333333334,0.9723333333333335,
controlled:scale,0,32,temperature+token-bias+PCA,0.0009028893177551804,0.00022573721213743847,0.0168866161614085,0.03166666666666667,0.9718333333333333,
controlled:scale,0,64,identity,0.05295212707143143,0.01318083665178002,0.1337644962624187,0.03,0.9727500000000001,
controlled:scale,0,64,temperature,0.0008689107474022891,0.0002172243445361538,0.016544313509994555,0.03,0.9727500000000001,1.2164612364707315
controlled:scale,0,64,temperature+rank,0.0008707938521537069,0.00021770212000891924,0.016571263450576298,0.03,0.9727500000000001,
controlled:scale,0,64,isotonic,0.0020081867293530583,0.0005029237341592137,0.018954391319077776,0.03166666666666667,0.9725833333333335,
controlled:scale,0,64,temperature+token-bias,0.0008741743641680284,0.0002185234886277528,0.016581969846377054,0.029166666666666667,0.9725833333333332,
controlled:scale,0,64,temperature+token-bias+PCA,0.0008787196932095762,0.00021965392474624813,0.016624641574196942,0.03,0.9720000000000001,
controlled:scale,1,2,identity,0.05295212707143143,0.01318083665178002,0.1337644962624187,0.03,0.9727500000000001,
controlled:scale,1,2,temperature,0.0008790824254489101,0.00021979301655612756,0.016660945768765072,0.03,0.9727500000000001,1.2149372412175004
controlled:scale,1,2,temperature+rank,0.00105307367877862,0.00026292244446482564,0.018214708558899492,0.03,0.9727500000000001,
controlled:scale,1,2,isotonic,0.036236663954706254,0.007660497893627244,0.059688505776732334,0.11666666666666667,0.9725833333333332,
controlled:scale,1,2,temperature+token-bias,0.0008903270045086735,0.00022259484504815686,0.016761450959377613,0.03,0.9723333333333333,
controlled:scale,1,2,temperature+token-bias+PCA,0.0008903270045086707,0.00022259484504815686,0.016761450959377613,0.03,0.9723333333333333,
controlled:scale,1,4,identity,0.05295212707143143,0.01318083665178002,0.1337644962624187,0.03,0.9727500000000001,
controlled:scale,1,4,temperature,0.0008646208257645261,0.0002161332723778861,0.01648893233029092,0.03,0.9727500000000001,1.217570295005709
controlled:scale,1,4,temperature+rank,0.0009517147879530156,0.00023777162702885176,0.017343856979686666,0.03,0.9727500000000001,
controlled:scale,1,4,isotonic,0.002460983550263242,0.0006133688674693151,0.020971509398769805,0.03,0.9723333333333335,
controlled:scale,1,4,temperature+token-bias,0.0008889737948330423,0.00022221386813350787,0.016716237304782697,0.030833333333333334,0.9725833333333332,
controlled:scale,1,4,temperature+token-bias+PCA,0.0008971484402411167,0.00022425989235135926,0.016791370599621477,0.03,0.9720833333333333,
controlled:scale,1,8,identity,0.05295212707143143,0.01318083665178002,0.1337644962624187,0.03,0.9727500000000001,
controlled:scale,1,8,temperature,0.0008629280525457384,0.00021568829896157244,0.01645869276606785,0.03,0.9727500000000001,1.2188663605042451
controlled:scale,1,8,temperature+rank,0.0008956388424515297,0.0002238196144107234,0.016795749935007032,0.03,0.9727500000000001,
controlled:scale,1,8,isotonic,0.0023786828939866226,0.000592747122164865,0.02028866703946909,0.03333333333333333,0.9711666666666667,
controlled:scale,1,8,temperature+token-bias,0.0008942907601759135,0.0002235120475846113,0.016771489367313087,0.03166666666666667,0.9715833333333332,
controlled:scale,1,8,temperature+token-bias+PCA,0.0009230567671904772,0.0002306906829797375,0.017033349476376768,0.030833333333333334,0.9706666666666667,
controlled:scale,1,16,identity,0.05295212707143143,0.01318083665178002,0.1337644962624187,0.03,0.9727500000000001,
controlled:scale,1,16,temperature,0.0008642783211207805,0.00021604538897864765,0.01648399973405919,0.03,0.9727500000000001,1.21770498004821
controlled:scale,1,16,temperature+rank,0.0008718378334523687,0.0002179161487510125,0.016553447580055676,0.03,0.9727500000000001,
controlled:scale,1,16,isotonic,0.0023598463208788748,0.0005880132686158714,0.020064217966466544,0.0325,0.9713333333333333,
controlled:scale,1,16,temperature+token-bias,0.0008835939265510673,0.00022087672875337834,0.016663301973797104,0.0325,0.9714166666666669,
controlled:scale,1,16,temperature+token-bias+PCA,0.0009164381427478905,0.0002290698937256641,0.0169665134685503,0.0325,0.9720000000000001,
controlled:scale,1,32,identity,0.05295212707143143,0.01318083665178002,0.1337644962624187,0.03,0.9727500000000001,
controlled:scale,1,32,temperature,0.0008659684491796476,0.00021647736159112946,0.016507309434836727,0.03,0.9727500000000001,1.217141554714134
controlled:scale,1,32,temperature+rank,0.0008687338195767232,0.0002171650781753147,0.016531702849772668,0.03,0.9727500000000001,
controlled:scale,1,32,isotonic,0.001488900392812334,0.00037539704501199735,0.01836349952145075,0.03333333333333333,0.9725833333333332,
controlled:scale,1,32,temperature+token-bias,0.0008773878349576947,0.00021932471439581745,0.016607064652201967,0.03166666666666667,0.9717500000000001,
controlled:scale,1,32,temperature+token-bias+PCA,0.0008895793507977827,0.00022236881657496742,0.01672080588327141,0.03166666666666667,0.9720000000000001,
controlled:scale,1,64,identity,0.05295212707143143,0.01318083665178002,0.1337644962624187,0.03,0.9727500000000001,
controlled:scale,1,64,temperature,0.0008634682371857258,0.0002158359322142677,0.016471262725881317,0.03,0.9727500000000001,1.218118476050066
controlled:scale,1,64,temperature+rank,0.0008637927827225893,0.00021591762690293138,0.016476075816606327,0.03,0.9727500000000001,
controlled:scale,1,64,isotonic,0.0014695008049628207,0.0003705486122072504,0.018165217094289008,0.034166666666666665,0.9720000000000001,
controlled:scale,1,64,temperature+token-bias,0.0008700708205942309,0.00021748477321981662,0.01653103762623764,0.03166666666666667,0.9728333333333334,
controlled:scale,1,64,temperature+token-bias+PCA,0.0008750401322845417,0.00021872374278802416,0.01656745222691981,0.030833333333333334,0.9723333333333333,
controlled:scale,2,2,identity,0.05295212707143143,0.01318083665178002,0.1337644962624187,0.03,0.9727500000000001,
controlled:scale,2,2,temperature,0.0009834142402375518,0.0002455983808556933,0.017634049844235423,0.03,0.9727500000000001,1.2294773538798927
controlled:scale,2,2,temperature+rank,0.0012156081358462808,0.00030402852293882134,0.0197706221314938,0.03,0.9727500000000001,
controlled:scale,2,2,isotonic,0.01258224489237984,0.002861333812207002,0.035682938031803516,0.04666666666666667,0.9706666666666668,
controlled:scale,2,2,temperature+token-bias,0.0009809559863912204,0.00024499875809372594,0.017605599393656145,0.0325,0.9723333333333335,
controlled:scale,2,2,temperature+token-bias+PCA,0.000980955986391222,0.0002449987580937256,0.017605599393656142,0.0325,0.9723333333333335,
controlled:scale,2,4,identity,0.05295212707143143,0.01318083665178002,0.1337644962624187,0.03,0.9727500000000001,
controlled:scale,2,4,temperature,0.0009233321866298472,0.00023065003018467683,0.0170444354788566,0.03,0.9727500000000001,1.22636773754899
controlled:scale,2,4,temperature+rank,0.0011484325569265522,0.0002870599207135446,0.019249695238860342,0.03,0.9727500000000001,
controlled:scale,2,4,isotonic,0.012434539196591406,0.002824989427539419,0.03471311244353056,0.04666666666666667,0.9704166666666668,
controlled:scale,2,4,temperature+token-bias,0.0009446106892464799,0.00023597966425727452,0.017248888044359974,0.035,0.9717500000000001,
controlled:scale,2,4,temperature+token-bias+PCA,0.0009986784574137252,0.00024947915314525184,0.0177437262816286,0.03666666666666667,0.9710000000000001,
controlled:scale,2,8,identity,0.05295212707143143,0.01318083665178002,0.1337644962624187,0.03,0.9727500000000001,
controlled:scale,2,8,temperature,0.000885338459295788,0.00022121052276251335,0.016668150222262524,0.03,0.9727500000000001,1.2234210305885993
controlled:scale,2,8,temperature+rank,0.0009581337461389646,0.00023933847027533234,0.017489574113453827,0.03,0.9727500000000001,
controlled:scale,2,8,isotonic,0.012287434874788951,0.0027896143783224083,0.03372996157497576,0.0475,0.9710833333333335,
controlled:scale,2,8,temperature+token-bias,0.000908233406764852,0.00022694705447254355,0.016877062887444647,0.035,0.9725,
controlled:scale,2,8,temperature+token-bias+PCA,0.0009953609921434944,0.0002487228710658478,0.017667308410228153,0.0325,0.9706666666666667,
controlled:scale,2,16,identity,0.05295212707143143,0.01318083665178002,0.1337644962624187,0.03,0.9727500000000001,
controlled:scale,2,16,temperature,0.0008692664278762311,0.0002172315395399911,0.016512161157381397,0.03,0.9727500000000001,1.2212721555335155
controlled:scale,2,16,temperature+rank,0.0008767667530434486,0.00021907313673210166,0.016606319288251008,0.03,0.9727500000000001,
controlled:scale,2,16,isotonic,0.004780381097654311,0.001150146944501823,0.023778449586305626,0.034166666666666665,0.9715000000000001,
controlled:scale,2,16,temperature+token-bias,0.0008922939820023164,0.00022298546993782846,0.016729433227831554,0.034166666666666665,0.9725,
controlled:scale,2,16,temperature+token-bias+PCA,0.0009324019827286212,0.00023304984384563447,0.017117779385701835,0.03333333333333333,0.9717500000000001,
controlled:scale,2,32,identity,0.05295212707143143,0.01318083665178002,0.1337644962624187,0.03,0.9727500000000001,
controlled:scale,2,32,temperature,0.0008661216615857472,0.00021645771063656978,0.016483173343591458,0.03,0.9727500000000001,1.220564053315555
controlled:scale,2,32,temperature+rank,0.0008734478667287448,0.00021825794540354003,0.016570212156578775,0.03,0.9727500000000001,
controlled:scale,2,32,isotonic,0.0021142128028282044,0.0005287352096626863,0.019412474749945705,0.034166666666666665,0.9715000000000001,
controlled:scale,2,32,temperature+token-bias,0.0008837027162800288,0.0002208446388581862,0.016655843545603698,0.0325,0.9724166666666667,
controlled:scale,2,32,temperature+token-bias+PCA,0.0008982207720111276,0.00022448075956314976,0.016779700991517325,0.0325,0.9714166666666667,
controlled:scale,2,64,identity,0.05295212707143143,0.01318083665178002,0.1337644962624187,0.03,0.9727500000000001,
controlled:scale,2,64,temperature,0.0008630719771499818,0.00021571862232301967,0.016457883516783324,0.03,0.9727500000000001,1.2192008980359432
controlled:scale,2,64,temperature+rank,0.0008650283609671387,0.00021619750453163593,0.016480097576817166,0.03,0.9727500000000001,
controlled:scale,2,64,isotonic,0.0015948386581219446,0.0004018429882242953,0.018451263346092737,0.0325,0.9724166666666667,
controlled:scale,2,64,temperature+token-bias,0.0008732521989753121,0.00021824860293999753,0.0165494217603813,0.03166666666666667,0.9730833333333332,
controlled:scale,2,64,temperature+token-bias+PCA,0.000881489509588831,0.0002202968483280704,0.016629009023781074,0.029166666666666667,0.9725,
controlled:scale,3,2,identity,0.05295212707143143,0.01318083665178002,0.1337644962624187,0.03,0.9727500000000001,
controlled:scale,3,2,temperature,0.0008629274574568878,0.00021568916769434268,0.016459232352883463,0.03,0.9727500000000001,1.2188060726527967
controlled:scale,3,2,temperature+rank,0.0008867989555811636,0.00022165501812332095,0.016713620503116852,0.03,0.9727500000000001,
controlled:scale,3,2,isotonic,0.022508400750749873,0.004906044338283986,0.04461726915865178,0.07333333333333333,0.9723333333333333,
controlled:scale,3,2,temperature+token-bias,0.0008786855866717558,0.0002196300663303713,0.016615056877907375,0.029166666666666667,0.9720000000000001,
controlled:scale,3,2,temperature+token-bias+PCA,0.0008786855866717558,0.00021963006633037157,0.016615056877907375,0.029166666666666667,0.9720000000000001,
controlled:scale,3,4,identity,0.05295212707143143,0.01318083665178002,0.1337644962624187,0.03,0.9727500000000001,
controlled:scale,3,4,temperature,0.0008633216065540418,0.00021577696238801966,0.016459128910320985,0.03,0.9727500000000001,1.2194405793091194
controlled:scale,3,4,temperature+rank,0.0008836423397047238,0.00022089456144187405,0.016678725838675346,0.03,0.9727500000000001,
controlled:scale,3,4,isotonic,0.022697836293637176,0.004951157599592224,0.045546364839269,0.07416666666666667,0.9721666666666667,
controlled:scale,3,4,temperature+token-bias,0.0008942157485664485,0.00022346197952365142,0.016772506578000335,0.03166666666666667,0.9720000000000001,
controlled:scale,3,4,temperature+token-bias+PCA,0.0008957553589213069,0.00022385993840065186,0.016782689938583898,0.034166666666666665,0.9718333333333333,
controlled:scale,3,8,identity,0.05295212707143143,0.01318083665178002,0.1337644962624187,0.03,0.9727500000000001,
controlled:scale,3,8,temperature,0.0008639159112443802,0.0002159520570786332,0.01647853587052345,0.03,0.9727500000000001,1.2178677782600813
controlled:scale,3,8,temperature+rank,0.0008846180811135297,0.00022119006788887406,0.016727208231580318,0.0325,0.9727500000000001,
controlled:scale,3,8,isotonic,0.01633214094172183,0.0036356588577171824,0.037808204560094504,0.04833333333333333,0.9715833333333334,
controlled:scale,3,8,temperature+token-bias,0.000903133098650587,0.00022569711308334793,0.016871298206487785,0.0325,0.9716666666666667,
controlled:scale,3,8,temperature+token-bias+PCA,0.0009491766003601217,0.00023719863660624286,0.017328175287308765,0.03166666666666667,0.9701666666666665,
controlled:scale,3,16,identity,0.05295212707143143,0.01318083665178002,0.1337644962624187,0.03,0.9727500000000001,
controlled:scale,3,16,temperature,0.0008630532652991921,0.00021572599742779845,0.016463423642390246,0.03,0.9727500000000001,1.2184868959370807
controlled:scale,3,16,temperature+rank,0.0008755521351584783,0.00021889357230382638,0.016611818637095956,0.03333333333333333,0.9727500000000001,
controlled:scale,3,16,isotonic,0.012316918240729478,0.0027932314844157377,0.03324208898085273,0.04083333333333333,0.9720000000000001,
controlled:scale,3,16,temperature+token-bias,0.0008914748669262869,0.00022279220084730055,0.016752994392500272,0.030833333333333334,0.9717499999999999,
controlled:scale,3,16,temperature+token-bias+PCA,0.000909171807335894,0.000227220450422648,0.01692552685985401,0.03166666666666667,0.9713333333333335,
controlled:scale,3,32,identity,0.05295212707143143,0.01318083665178002,0.1337644962624187,0.03,0.9727500000000001,
controlled:scale,3,32,temperature,0.0008629601360212846,0.00021569989226593567,0.016460961589397378,0.03,0.9727500000000001,1.2186545424241222
controlled:scale,3,32,temperature+rank,0.0008749702300742487,0.00021875326544516238,0.01661025672941835,0.03333333333333333,0.9727500000000001,
controlled:scale,3,32,isotonic,0.005072422012505088,0.0012155038471268747,0.023882613498493643,0.03333333333333333,0.9717499999999999,
controlled:scale,3,32,temperature+token-bias,0.000881568664155946,0.0002203306260299176,0.016651886142683515,0.03,0.9723333333333335,
controlled:scale,3,32,temperature+token-bias+PCA,0.0008901575534014276,0.00022248953600487436,0.016746913972412757,0.03166666666666667,0.9715000000000001,
controlled:scale,3,64,identity,0.05295212707143143,0.01318083665178002,0.1337644962624187,0.03,0.9727500000000001,
controlled:scale,3,64,temperature,0.0008632940040529939,0.00021579026080667584,0.016468221552736657,0.03,0.9727500000000001,1.218244303197436
controlled:scale,3,64,temperature+rank,0.0008652112370527337,0.00021628309754615215,0.016497712775628493,0.03,0.9727500000000001,
controlled:scale,3,64,isotonic,0.0014811681899516598,0.0003735614227955998,0.018432598916102036,0.035,0.9723333333333335,
controlled:scale,3,64,temperature+token-bias,0.0008727812053719885,0.00021814323607712612,0.01656018692608289,0.030833333333333334,0.9721666666666667,
controlled:scale,3,64,temperature+token-bias+PCA,0.0008764934682627427,0.00021907748367344068,0.01659767496772916,0.03333333333333333,0.9725833333333332,
controlled:scale,4,2,identity,0.05295212707143143,0.01318083665178002,0.1337644962624187,0.03,0.9727500000000001,
controlled:scale,4,2,temperature,0.0009212350910641976,0.00023039305731598615,0.017103303174820134,0.03,0.9727500000000001,1.211434942543244
controlled:scale,4,2,temperature+rank,0.001283947110498866,0.0003205153882954216,0.02021852658585938,0.0675,0.9727500000000001,
controlled:scale,4,2,isotonic,0.03878757582740116,0.00815394711718017,0.06146214893118971,0.12583333333333332,0.9722499999999998,
controlled:scale,4,2,temperature+token-bias,0.0009360036027396427,0.00023407888847642232,0.017235201787889873,0.03333333333333333,0.9718333333333333,
controlled:scale,4,2,temperature+token-bias+PCA,0.0009360036027396427,0.00023407888847642232,0.017235201787889873,0.03333333333333333,0.9718333333333333,
controlled:scale,4,4,identity,0.05295212707143143,0.01318083665178002,0.1337644962624187,0.03,0.9727500000000001,
controlled:scale,4,4,temperature,0.0008870950609151555,0.00022181108083528254,0.016748540983924753,0.03,0.9727500000000001,1.2140687077600636
controlled:scale,4,4,temperature+rank,0.0010656122386409532,0.00026645657133050253,0.018534072561056658,0.04666666666666667,0.9727500000000001,
controlled:scale,4,4,isotonic,0.014836089521249873,0.0033304876459112733,0.037166264650322356,0.04583333333333333,0.9719166666666669,
controlled:scale,4,4,temperature+token-bias,0.0009080637751743166,0.00022704867132287683,0.016948230631402973,0.030833333333333334,0.9722500000000001,
controlled:scale,4,4,temperature+token-bias+PCA,0.0009125266737753956,0.00022816546414320562,0.016993810851473837,0.030833333333333334,0.9715000000000001,
controlled:scale,4,8,identity,0.05295212707143143,0.01318083665178002,0.1337644962624187,0.03,0.9727500000000001,
controlled:scale,4,8,temperature,0.0008639112253702628,0.00021595084728252787,0.016478463243548975,0.03,0.9727500000000001,1.217870063727138
controlled:scale,4,8,temperature+rank,0.0009084671144418196,0.00022711847453765874,0.016963999513676137,0.049166666666666664,0.9727500000000001,
controlled:scale,4,8,isotonic,0.005657455889183149,0.0013501137091790313,0.02549733710249341,0.03166666666666667,0.9719166666666669,
controlled:scale,4,8,temperature+token-bias,0.0008883167754053389,0.00022206089815002926,0.016722460865666065,0.0325,0.9720000000000001,
controlled:scale,4,8,temperature+token-bias+PCA,0.0009168968500870248,0.00022920352572212982,0.01698537603937428,0.034166666666666665,0.9704166666666667,
controlled:scale,4,16,identity,0.05295212707143143,0.01318083665178002,0.1337644962624187,0.03,0.9727500000000001,
controlled:scale,4,16,temperature,0.0008663897143231864,0.00021658457510801828,0.016512811586241773,0.03,0.9727500000000001,1.2170283302427507
controlled:scale,4,16,temperature+rank,0.0008755505271573946,0.00021890172080480858,0.01663446725922199,0.035,0.9727500000000001,
controlled:scale,4,16,isotonic,0.0020545829935438497,0.0005145136206797655,0.01932733014353048,0.03166666666666667,0.9718333333333332,
controlled:scale,4,16,temperature+token-bias,0.0008888608459598084,0.00022221397859194665,0.016740457833678158,0.0325,0.9723333333333335,
controlled:scale,4,16,temperature+token-bias+PCA,0.0009227023532303583,0.00023068196926021023,0.017067082299772177,0.035833333333333335,0.9716666666666667,
controlled:scale,4,32,identity,0.05295212707143143,0.01318083665178002,0.1337644962624187,0.03,0.9727500000000001,
controlled:scale,4,32,temperature,0.0008655760052812861,0.00021637736111306463,0.01650205404348803,0.03,0.9727500000000001,1.2172543314650983
controlled:scale,4,32,temperature+rank,0.0008677636331352175,0.0002169371853084784,0.016535900191605356,0.03166666666666667,0.9727500000000001,
controlled:scale,4,32,isotonic,0.0020447456374545303,0.0005119923343259986,0.019245040515639966,0.03333333333333333,0.9725,
controlled:scale,4,32,temperature+token-bias,0.0008773435135888012,0.0002193163965614763,0.016619738395775338,0.03166666666666667,0.9732500000000001,
controlled:scale,4,32,temperature+token-bias+PCA,0.0008900174198832471,0.0002224796266115021,0.016741043432336733,0.03,0.9725,
controlled:scale,4,64,identity,0.05295212707143143,0.01318083665178002,0.1337644962624187,0.03,0.9727500000000001,
controlled:scale,4,64,temperature,0.0008632196825780994,0.00021577062554714103,0.016466840534270204,0.03,0.9727500000000001,1.218307083070191
controlled:scale,4,64,temperature+rank,0.0008647639266978881,0.00021616740329692,0.016487961439747723,0.03333333333333333,0.9727500000000001,
controlled:scale,4,64,isotonic,0.002012128500260069,0.0005038498777887632,0.01891466796060362,0.029166666666666667,0.9722500000000001,
controlled:scale,4,64,temperature+token-bias,0.0008720424012177736,0.00021797268934964896,0.016550730881466476,0.03166666666666667,0.9729166666666667,
controlled:scale,4,64,temperature+token-bias+PCA,0.0008819768793112474,0.0002204734952632354,0.016660368402308806,0.03166666666666667,0.9726666666666669,
controlled:mixed,0,2,identity,0.11000849709732845,0.02642256305244427,0.18353064011581527,0.325,0.7770833333333333,
controlled:mixed,0,2,temperature,0.08132504630645722,0.019646830370637164,0.1514839861138817,0.325,0.7770833333333333,1.1966998914887481
controlled:mixed,0,2,temperature+rank,0.0818926782235494,0.01974532386863045,0.1520932449412854,0.325,0.7770833333333333,
controlled:mixed,0,2,isotonic,0.12532583776485656,0.02901211283617568,0.18215080721177843,0.555,0.7744166666666668,
controlled:mixed,0,2,temperature+token-bias,0.07861445832865462,0.01902014392080817,0.14833081326907138,0.31916666666666665,0.7821666666666667,
controlled:mixed,0,2,temperature+token-bias+PCA,0.07861445832865462,0.01902014392080817,0.14833081326907138,0.31916666666666665,0.7821666666666667,
controlled:mixed,0,4,identity,0.11000849709732845,0.02642256305244427,0.18353064011581527,0.325,0.7770833333333333,
controlled:mixed,0,4,temperature,0.08204463917178718,0.019809593361727537,0.15213481232312503,0.325,0.7770833333333333,1.2074007414834276
controlled:mixed,0,4,temperature+rank,0.081911469861407,0.019759744980734205,0.15204854001751927,0.3283333333333333,0.7770833333333333,
controlled:mixed,0,4,isotonic,0.08978989831173699,0.02169173053003525,0.16034002122402985,0.34,0.7756666666666666,
controlled:mixed,0,4,temperature+token-bias,0.07846177683107337,0.01897621564865115,0.14789373850452064,0.32083333333333336,0.7835833333333333,
controlled:mixed,0,4,temperature+token-bias+PCA,0.06181521605370203,0.015027422115706152,0.130391803903795,0.29833333333333334,0.8061666666666667,
controlled:mixed,0,8,identity,0.11000849709732845,0.02642256305244427,0.18353064011581527,0.325,0.7770833333333333,
controlled:mixed,0,8,temperature,0.0819853555308093,0.019796145475361845,0.15207945185130892,0.325,0.7770833333333333,1.206633012693375
controlled:mixed,0,8,temperature+rank,0.08223035184647112,0.019834930631161676,0.15270232660231417,0.3425,0.7751666666666667,
controlled:mixed,0,8,isotonic,0.08516338685873959,0.0205449416453848,0.156064730824249,0.33916666666666667,0.7725833333333334,
controlled:mixed,0,8,temperature+token-bias,0.07891152252185973,0.019108041935893164,0.14799551954657153,0.32083333333333336,0.785,
controlled:mixed,0,8,temperature+token-bias+PCA,0.01571525916334046,0.0039096074084055635,0.06851360958937457,0.16333333333333333,0.8946666666666668,
controlled:mixed,0,16,identity,0.11000849709732845,0.02642256305244427,0.18353064011581527,0.325,0.7770833333333333,
controlled:mixed,0,16,temperature,0.08099988022815376,0.019573897783604622,0.15121870551271935,0.325,0.7770833333333333,1.1901865826365172
controlled:mixed,0,16,temperature+rank,0.08078176218955323,0.01949959559380774,0.15112655897631722,0.3275,0.7756666666666666,
controlled:mixed,0,16,isotonic,0.0844949667730532,0.020363779743607542,0.15533751031506698,0.335,0.7729166666666667,
controlled:mixed,0,16,temperature+token-bias,0.07374946560375127,0.017867086088632494,0.14268735827717494,0.3225,0.7935833333333333,
controlled:mixed,0,16,temperature+token-bias+PCA,0.01043734702140161,0.0025966878115725837,0.05630657344028729,0.13333333333333333,0.9138333333333335,
controlled:mixed,0,32,identity,0.11000849709732845,0.02642256305244427,0.18353064011581527,0.325,0.7770833333333333,
controlled:mixed,0,32,temperature,0.08079390114298998,0.019528215144320953,0.15107131276820926,0.325,0.7770833333333333,1.1847455317849722
controlled:mixed,0,32,temperature+rank,0.07997923669908746,0.019306304805319096,0.1502256084946948,0.325,0.7770833333333333,
controlled:mixed,0,32,isotonic,0.0822498451031975,0.01984036860942365,0.15298813029868266,0.33666666666666667,0.7758333333333334,
controlled:mixed,0,32,temperature+token-bias,0.07457451157797222,0.018082199259666965,0.14359085581942327,0.315,0.7934166666666667,
controlled:mixed,0,32,temperature+token-bias+PCA,0.007326981494448607,0.0018270789885106915,0.04748093167670382,0.11666666666666667,0.9266666666666666,
controlled:mixed,0,64,identity,0.11000849709732845,0.02642256305244427,0.18353064011581527,0.325,0.7770833333333333,
controlled:mixed,0,64,temperature,0.0805445623536793,0.019475558070334624,0.15101303707632804,0.325,0.7770833333333333,1.1717488936957217
controlled:mixed,0,64,temperature+rank,0.0793469506597314,0.01918550187010251,0.14962458284946364,0.33666666666666667,0.7770833333333333,
controlled:mixed,0,64,isotonic,0.08136857961090786,0.01964987453534362,0.1519308174115988,0.33666666666666667,0.7763333333333333,
controlled:mixed,0,64,temperature+token-bias,0.07099248781517961,0.017228967589116958,0.13984602918792283,0.30833333333333335,0.7989166666666667,
controlled:mixed,0,64,temperature+token-bias+PCA,0.006172342147855964,0.001539525463370845,0.04371268456623209,0.11,0.9336666666666668,
controlled:mixed,1,2,identity,0.11000849709732845,0.02642256305244427,0.18353064011581527,0.325,0.7770833333333333,
controlled:mixed,1,2,temperature,0.08065420922047051,0.01950692938925085,0.1513886210173024,0.325,0.7770833333333333,1.1580209678314335
controlled:mixed,1,2,temperature+rank,0.08723608566469686,0.021090198755308327,0.15828070912570183,0.49333333333333335,0.7770833333333333,
controlled:mixed,1,2,isotonic,0.11217312387086938,0.026496834567085657,0.17578963335627382,0.4683333333333333,0.7731666666666667,
controlled:mixed,1,2,temperature+token-bias,0.07665660093266391,0.01855708186331595,0.14711599746252957,0.31666666666666665,0.7855000000000001,
controlled:mixed,1,2,temperature+token-bias+PCA,0.07665660093266391,0.01855708186331595,0.14711599746252957,0.31666666666666665,0.7855000000000001,
controlled:mixed,1,4,identity,0.11000849709732845,0.02642256305244427,0.18353064011581527,0.325,0.7770833333333333,
controlled:mixed,1,4,temperature,0.0834366059759443,0.020175520245951196,0.15527334770112097,0.325,0.7770833333333333,1.1155747755159275
controlled:mixed,1,4,temperature+rank,0.08331344942959416,0.02016638908689205,0.1551711917502072,0.3641666666666667,0.7770833333333333,
controlled:mixed,1,4,isotonic,0.09293046058319349,0.02234448443161396,0.16370622705125995,0.375,0.76375,
controlled:mixed,1,4,temperature+token-bias,0.07823268213339875,0.018985552567859245,0.14942600395370517,0.3175,0.7853333333333334,
controlled:mixed,1,4,temperature+token-bias+PCA,0.06819754556224539,0.016468484263028865,0.13988584598387702,0.2966666666666667,0.7974166666666668,
controlled:mixed,1,8,identity,0.11000849709732845,0.02642256305244427,0.18353064011581527,0.325,0.7770833333333333,
controlled:mixed,1,8,temperature,0.0811257605143398,0.019622693080489514,0.15217848381585064,0.325,0.7770833333333333,1.144759405205001
controlled:mixed,1,8,temperature+rank,0.08090700918034219,0.01957673451484104,0.1519590696014718,0.38,0.7770833333333333,
controlled:mixed,1,8,isotonic,0.0863063450165159,0.020854351400697763,0.15759605054862744,0.3458333333333333,0.7770833333333333,
controlled:mixed,1,8,temperature+token-bias,0.07511346069877274,0.01819073670546997,0.14483879584618825,0.31083333333333335,0.7895,
controlled:mixed,1,8,temperature+token-bias+PCA,0.014724817368778315,0.003674382188557301,0.06744028375893395,0.13583333333333333,0.8939166666666667,
controlled:mixed,1,16,identity,0.11000849709732845,0.02642256305244427,0.18353064011581527,0.325,0.7770833333333333,
controlled:mixed,1,16,temperature,0.08074291555002745,0.019529109626693728,0.1515558981022464,0.325,0.7770833333333333,1.1545476419553435
controlled:mixed,1,16,temperature+rank,0.07970166599435591,0.019286782859568568,0.15042511595922697,0.33416666666666667,0.7770833333333333,
controlled:mixed,1,16,isotonic,0.08471795010189802,0.020492506148799335,0.15596716318871803,0.35,0.7750833333333333,
controlled:mixed,1,16,temperature+token-bias,0.07196171550889886,0.017460016624440376,0.14126932972523756,0.31166666666666665,0.7934166666666667,
controlled:mixed,1,16,temperature+token-bias+PCA,0.009178975588256467,0.0022893869472589705,0.05336528935858063,0.11916666666666667,0.9202500000000001,
controlled:mixed,1,32,identity,0.11000849709732845,0.02642256305244427,0.18353064011581527,0.325,0.7770833333333333,
controlled:mixed,1,32,temperature,0.08054081111097092,0.01947498211074128,0.15102104448820858,0.325,0.7770833333333333,1.171036914278185
controlled:mixed,1,32,temperature+rank,0.07920375867610656,0.019152565962618287,0.14953349450510983,0.3275,0.7770833333333333,
controlled:mixed,1,32,isotonic,0.08176193496899983,0.01977501075215955,0.152844782552522,0.3416666666666667,0.7758333333333334,
controlled:mixed,1,32,temperature+token-bias,0.0705572629141025,0.017102609026482377,0.13939525483568407,0.31083333333333335,0.7973333333333333,
controlled:mixed,1,32,temperature+token-bias+PCA,0.006850170293079027,0.0017083851313948303,0.04604720833767463,0.11166666666666666,0.9290000000000002,
controlled:mixed,1,64,identity,0.11000849709732845,0.02642256305244427,0.18353064011581527,0.325,0.7770833333333333,
controlled:mixed,1,64,temperature,0.08054684980404839,0.019478718726867936,0.15112509427448462,0.325,0.7770833333333333,1.1654992358266925
controlled:mixed,1,64,temperature+rank,0.07931046505164649,0.019185964564045567,0.14974283493006527,0.3425,0.7770833333333333,
controlled:mixed,1,64,isotonic,0.08081508679601025,0.019538821176336332,0.151772250296479,0.33916666666666667,0.7764166666666668,
controlled:mixed,1,64,temperature+token-bias,0.07079078240942732,0.01716746133910574,0.13992907198701063,0.3075,0.7974166666666668,
controlled:mixed,1,64,temperature+token-bias+PCA,0.006255405974250854,0.0015599166320836887,0.043933064593115356,0.105,0.9342499999999999,
controlled:mixed,2,2,identity,0.11000849709732845,0.02642256305244427,0.18353064011581527,0.325,0.7770833333333333,
controlled:mixed,2,2,temperature,0.08211628873884375,0.0198258525714395,0.1522019378639354,0.325,0.7770833333333333,1.208308854947834
controlled:mixed,2,2,temperature+rank,0.08052642538428814,0.019484388869367514,0.1506266817011397,0.35083333333333333,0.7770833333333333,
controlled:mixed,2,2,isotonic,0.13135657099177164,0.03047207673005427,0.18600750259380622,0.4691666666666667,0.7699166666666667,
controlled:mixed,2,2,temperature+token-bias,0.0804780723593156,0.01941629331255643,0.14986270381591257,0.3283333333333333,0.783,
controlled:mixed,2,2,temperature+token-bias+PCA,0.08047807235931559,0.01941629331255643,0.14986270381591257,0.3283333333333333,0.783,
controlled:mixed,2,4,identity,0.11000849709732845,0.02642256305244427,0.18353064011581527,0.325,0.7770833333333333,
controlled:mixed,2,4,temperature,0.08060133966008957,0.019493423950163312,0.1512758213195822,0.325,0.7770833333333333,1.160778415207277
controlled:mixed,2,4,temperature+rank,0.08228342880745178,0.01997323962477657,0.1536448145079883,0.36833333333333335,0.7770833333333333,
controlled:mixed,2,4,isotonic,0.11598094731411503,0.027138282606790576,0.17719096544102883,0.365,0.7711666666666667,
controlled:mixed,2,4,temperature+token-bias,0.07515593110265262,0.01819608050956756,0.1449300270432544,0.315,0.7885,
controlled:mixed,2,4,temperature+token-bias+PCA,0.05633907076726684,0.013700218150586103,0.12424231837381067,0.29333333333333333,0.8205,
controlled:mixed,2,8,identity,0.11000849709732845,0.02642256305244427,0.18353064011581527,0.325,0.7770833333333333,
controlled:mixed,2,8,temperature,0.0809595920696405,0.019582314778096382,0.15192168347070126,0.325,0.7770833333333333,1.1484202388689952
controlled:mixed,2,8,temperature+rank,0.08233904384289081,0.01997538776923245,0.15383349100571067,0.37333333333333335,0.7770833333333333,
controlled:mixed,2,8,isotonic,0.09315644826292413,0.022473493249215715,0.1636958988508643,0.3383333333333333,0.7748333333333333,
controlled:mixed,2,8,temperature+token-bias,0.07421045530627952,0.017992242112896212,0.14386566917534813,0.31916666666666665,0.7910833333333332,
controlled:mixed,2,8,temperature+token-bias+PCA,0.01719154499504636,0.004278206214493975,0.07217064246936732,0.1475,0.8913333333333334,
controlled:mixed,2,16,identity,0.11000849709732845,0.02642256305244427,0.18353064011581527,0.325,0.7770833333333333,
controlled:mixed,2,16,temperature,0.08059227372836121,0.019491065508127764,0.1512547468720776,0.325,0.7770833333333333,1.161353247291311
controlled:mixed,2,16,temperature+rank,0.08079814358956659,0.01959161707815717,0.151801515181819,0.37083333333333335,0.7770833333333333,
controlled:mixed,2,16,isotonic,0.08855192202621646,0.021387172551953815,0.1587264076187977,0.33416666666666667,0.7763333333333333,
controlled:mixed,2,16,temperature+token-bias,0.07274461375950485,0.017660822343850822,0.14217277052204882,0.31666666666666665,0.7943333333333333,
controlled:mixed,2,16,temperature+token-bias+PCA,0.009842016804751065,0.0024496348498366594,0.05494481951774046,0.125,0.9179999999999999,
controlled:mixed,2,32,identity,0.11000849709732845,0.02642256305244427,0.18353064011581527,0.325,0.7770833333333333,
controlled:mixed,2,32,temperature,0.08053606035769686,0.019475049893779187,0.1510637854770852,0.325,0.7770833333333333,1.1682376967534052
controlled:mixed,2,32,temperature+rank,0.07956596717673696,0.01926888231812759,0.15016227646292857,0.34,0.7770833333333333,
controlled:mixed,2,32,isotonic,0.08714575156013028,0.021028669233295664,0.15699338846399064,0.3416666666666667,0.7765833333333334,
controlled:mixed,2,32,temperature+token-bias,0.07191690141856585,0.0174395461295606,0.14073187990213196,0.3125,0.795,
controlled:mixed,2,32,temperature+token-bias+PCA,0.008295087913665702,0.002062905069355155,0.050003310632255826,0.11916666666666667,0.9258333333333333,
controlled:mixed,2,64,identity,0.11000849709732845,0.02642256305244427,0.18353064011581527,0.325,0.7770833333333333,
controlled:mixed,2,64,temperature,0.08053621254441493,0.019474559843621713,0.15104262927725864,0.325,0.7770833333333333,1.1694884744603755
controlled:mixed,2,64,temperature+rank,0.07916863686874188,0.019151086763849145,0.14954103780290645,0.3275,0.7770833333333333,
controlled:mixed,2,64,isotonic,0.08225557280343994,0.019880189249546074,0.15314797713240547,0.33916666666666667,0.7759166666666667,
controlled:mixed,2,64,temperature+token-bias,0.07151038906323676,0.017344488805643675,0.14047412481648186,0.31416666666666665,0.7957500000000001,
controlled:mixed,2,64,temperature+token-bias+PCA,0.006459943206332516,0.0016103867637208454,0.044506686863877196,0.10916666666666666,0.9340833333333334,
controlled:mixed,3,2,identity,0.11000849709732845,0.02642256305244427,0.18353064011581527,0.325,0.7770833333333333,
controlled:mixed,3,2,temperature,0.08148040516990813,0.01970828692290488,0.1526932971210152,0.325,0.7770833333333333,1.1383906309830638
controlled:mixed,3,2,temperature+rank,0.0892882225005998,0.021545786000916573,0.16071621131890323,0.415,0.77275,
controlled:mixed,3,2,isotonic,0.08554371269238326,0.020681409496020507,0.1570333847103305,0.3375,0.77075,
controlled:mixed,3,2,temperature+token-bias,0.0770861730205733,0.018669906139548786,0.14794540999277322,0.31333333333333335,0.7836666666666666,
controlled:mixed,3,2,temperature+token-bias+PCA,0.0770861730205733,0.018669906139548786,0.14794540999277322,0.31333333333333335,0.7836666666666666,
controlled:mixed,3,4,identity,0.11000849709732845,0.02642256305244427,0.18353064011581527,0.325,0.7770833333333333,
controlled:mixed,3,4,temperature,0.08343927678030581,0.020176155497438744,0.15527672636990497,0.325,0.7770833333333333,1.1155503456458074
controlled:mixed,3,4,temperature+rank,0.08691584251403825,0.021015657088140537,0.15839943879401247,0.4825,0.7770833333333333,
controlled:mixed,3,4,isotonic,0.08898058702569149,0.02148612652217761,0.160273893375608,0.3441666666666667,0.7703333333333333,
controlled:mixed,3,4,temperature+token-bias,0.07665396748419259,0.018603757080160925,0.14801095634266612,0.31916666666666665,0.7860833333333334,
controlled:mixed,3,4,temperature+token-bias+PCA,0.06711016152750163,0.016352827526529022,0.13965630386092073,0.2975,0.8006666666666666,
controlled:mixed,3,8,identity,0.11000849709732845,0.02642256305244427,0.18353064011581527,0.325,0.7770833333333333,
controlled:mixed,3,8,temperature,0.08152326491461025,0.019718595653898406,0.15275364202115108,0.325,0.7770833333333333,1.1377095471023249
controlled:mixed,3,8,temperature+rank,0.0847350584408147,0.02051223258031776,0.15620790731327547,0.46,0.7770833333333333,
controlled:mixed,3,8,isotonic,0.08998461200640975,0.021740479478644114,0.1609850558204163,0.35333333333333333,0.7724166666666668,
controlled:mixed,3,8,temperature+token-bias,0.07646267938137065,0.01857244978884126,0.14693662209301564,0.32083333333333336,0.7846666666666667,
controlled:mixed,3,8,temperature+token-bias+PCA,0.03237210987014719,0.008021097958275832,0.09816949546040098,0.22166666666666668,0.8584166666666666,
controlled:mixed,3,16,identity,0.11000849709732845,0.02642256305244427,0.18353064011581527,0.325,0.7770833333333333,
controlled:mixed,3,16,temperature,0.08070337973543408,0.01951927254959143,0.15148396809815742,0.325,0.7770833333333333,1.155978698576131
controlled:mixed,3,16,temperature+rank,0.08120124005239503,0.019661133598058374,0.152109357684712,0.37166666666666665,0.7770833333333333,
controlled:mixed,3,16,isotonic,0.08507708344491287,0.020551283037603042,0.15629028652946647,0.3516666666666667,0.7713333333333332,
controlled:mixed,3,16,temperature+token-bias,0.075124558869077,0.018236295536276762,0.14485239787915807,0.32,0.7889166666666667,
controlled:mixed,3,16,temperature+token-bias+PCA,0.009540231017080736,0.002378064788970064,0.05454617033328908,0.12416666666666666,0.9185833333333335,
controlled:mixed,3,32,identity,0.11000849709732845,0.02642256305244427,0.18353064011581527,0.325,0.7770833333333333,
controlled:mixed,3,32,temperature,0.08055892312365327,0.01947813932917074,0.1509975832146021,0.325,0.7770833333333333,1.173577884281138
controlled:mixed,3,32,temperature+rank,0.07950155398533011,0.01923653235859492,0.14989574108000586,0.3433333333333333,0.7770833333333333,
controlled:mixed,3,32,isotonic,0.08264585502206666,0.019975232852468564,0.15354254852470056,0.3441666666666667,0.77475,
controlled:mixed,3,32,temperature+token-bias,0.07205345832445968,0.01747115316687487,0.14075227443552626,0.315,0.7953333333333334,
controlled:mixed,3,32,temperature+token-bias+PCA,0.00714640326440138,0.0017821067839263627,0.046957884246512586,0.11166666666666666,0.9277500000000002,
controlled:mixed,3,64,identity,0.11000849709732845,0.02642256305244427,0.18353064011581527,0.325,0.7770833333333333,
controlled:mixed,3,64,temperature,0.08053688682483248,0.019474557999694015,0.15103676519904066,0.325,0.7770833333333333,1.1698672888581338
controlled:mixed,3,64,temperature+rank,0.0792456820294539,0.019158712779850866,0.14953568304865086,0.34,0.7770833333333333,
controlled:mixed,3,64,isotonic,0.08209946042670549,0.01980857802191972,0.1528943364308764,0.3408333333333333,0.7773333333333333,
controlled:mixed,3,64,temperature+token-bias,0.07064831323974263,0.017115056693181287,0.13950568579435318,0.30583333333333335,0.7984166666666668,
controlled:mixed,3,64,temperature+token-bias+PCA,0.005964903960231689,0.0014874757341409293,0.04303999485219965,0.10583333333333333,0.9339999999999999,
controlled:mixed,4,2,identity,0.11000849709732845,0.02642256305244427,0.18353064011581527,0.325,0.7770833333333333,
controlled:mixed,4,2,temperature,0.0820624929441168,0.019847888066322757,0.15349657972595712,0.325,0.7770833333333333,1.1301574397101135
controlled:mixed,4,2,temperature+rank,0.08784039201457901,0.02124135163718521,0.15945719886852347,0.325,0.7770833333333333,
controlled:mixed,4,2,isotonic,0.0953145124642037,0.0230565753277297,0.166716400582704,0.33166666666666667,0.7684166666666666,
controlled:mixed,4,2,temperature+token-bias,0.07756250508480773,0.018760422467686447,0.14844120602815225,0.31583333333333335,0.7870833333333334,
controlled:mixed,4,2,temperature+token-bias+PCA,0.07756250508480773,0.018760422467686447,0.14844120602815225,0.31583333333333335,0.7870833333333334,
controlled:mixed,4,4,identity,0.11000849709732845,0.02642256305244427,0.18353064011581527,0.325,0.7770833333333333,
controlled:mixed,4,4,temperature,0.08113729618101187,0.01962548786625605,0.15219562689346636,0.325,0.7770833333333333,1.1445258205967874
controlled:mixed,4,4,temperature+rank,0.08254481418854255,0.020009586587170496,0.15413300647739955,0.325,0.7770833333333333,
controlled:mixed,4,4,isotonic,0.09183786044100242,0.02219623407070232,0.16315923078718084,0.3325,0.77475,
controlled:mixed,4,4,temperature+token-bias,0.0752093487615153,0.018209393218992072,0.14556953738196401,0.31333333333333335,0.79,
controlled:mixed,4,4,temperature+token-bias+PCA,0.056376430240644856,0.013687406156760678,0.12467131563177408,0.2775,0.8190833333333334,
controlled:mixed,4,8,identity,0.11000849709732845,0.02642256305244427,0.18353064011581527,0.325,0.7770833333333333,
controlled:mixed,4,8,temperature,0.08053893814369109,0.019474738145642465,0.15102672188292163,0.325,0.7770833333333333,1.1705775879151619
controlled:mixed,4,8,temperature+rank,0.08016779591999319,0.019368919443306373,0.1506760797438343,0.325,0.7770833333333333,
controlled:mixed,4,8,isotonic,0.08763770377278744,0.02116212180985641,0.15862614193375468,0.33916666666666667,0.7744166666666666,
controlled:mixed,4,8,temperature+token-bias,0.07436719544805939,0.01797434363591914,0.14375317732002954,0.31166666666666665,0.791,
controlled:mixed,4,8,temperature+token-bias+PCA,0.01611735579168926,0.004002500185993249,0.0693558545542943,0.175,0.8950833333333335,
controlled:mixed,4,16,identity,0.11000849709732845,0.02642256305244427,0.18353064011581527,0.325,0.7770833333333333,
controlled:mixed,4,16,temperature,0.0806221259757764,0.019491009841990894,0.15099354088405553,0.325,0.7770833333333333,1.1780216567650095
controlled:mixed,4,16,temperature+rank,0.07940239396260412,0.019194461815238015,0.14967600948554766,0.325,0.7770833333333333,
controlled:mixed,4,16,isotonic,0.08548440304759752,0.020659736245446134,0.15640649427929282,0.34,0.7742499999999999,
controlled:mixed,4,16,temperature+token-bias,0.07370869938355805,0.017799349466472266,0.14260036335205317,0.31166666666666665,0.7925833333333333,
controlled:mixed,4,16,temperature+token-bias+PCA,0.010593915078118155,0.002639467890444385,0.05681316075448992,0.14083333333333334,0.9133333333333333,
controlled:mixed,4,32,identity,0.11000849709732845,0.02642256305244427,0.18353064011581527,0.325,0.7770833333333333,
controlled:mixed,4,32,temperature,0.08069191255836432,0.019505940938974523,0.15101734348426626,0.325,0.7770833333333333,1.181200208786874
controlled:mixed,4,32,temperature+rank,0.07941404227433987,0.01918461314468282,0.1495771429296452,0.325,0.7770833333333333,
controlled:mixed,4,32,isotonic,0.08328143899692392,0.020122432039373583,0.15400292102430138,0.3375,0.7740833333333333,
controlled:mixed,4,32,temperature+token-bias,0.07198650386247515,0.017409307454715642,0.14079790052225177,0.3075,0.7967500000000001,
controlled:mixed,4,32,temperature+token-bias+PCA,0.007159678037397873,0.0017851239613561264,0.04693370360116155,0.10833333333333334,0.9288333333333334,
controlled:mixed,4,64,identity,0.11000849709732845,0.02642256305244427,0.18353064011581527,0.325,0.7770833333333333,
controlled:mixed,4,64,temperature,0.0805376392735732,0.019475755449376037,0.15107940201214545,0.325,0.7770833333333333,1.1674354534743647
controlled:mixed,4,64,temperature+rank,0.07911294159332574,0.019127883364099065,0.14949911709232236,0.325,0.7770833333333333,
controlled:mixed,4,64,isotonic,0.08186405220681228,0.019786050464491074,0.1527802629032513,0.33,0.7740833333333333,
controlled:mixed,4,64,temperature+token-bias,0.0704699623836702,0.017059274612224815,0.139260815928972,0.30333333333333334,0.7981666666666666,
controlled:mixed,4,64,temperature+token-bias+PCA,0.006165946657697767,0.0015386733798346736,0.04368327347861835,0.10333333333333333,0.9335833333333334,
micro-lm:Q4,0,2,identity,0.02438368648290634,0.006028903182595968,0.08519229292869568,0.15625,0.9072250000000002,
micro-lm:Q4,0,2,temperature,0.02431141957640648,0.0060202581807971,0.0851607546210289,0.15625,0.9072250000000002,0.9917054723255344
micro-lm:Q4,0,2,temperature+rank,0.026554023805920233,0.006580777653429118,0.08880061648711296,0.15625,0.9072250000000002,
micro-lm:Q4,0,2,isotonic,0.050504665821790695,0.012154491618275642,0.1144678145647049,0.18725,0.9047500000000003,
micro-lm:Q4,0,2,temperature+token-bias,0.020660465583205223,0.005127574782818556,0.07871722429990768,0.144,0.9142500000000001,
micro-lm:Q4,0,2,temperature+token-bias+PCA,0.020660465583205223,0.005127574782818556,0.07871722429990768,0.144,0.9142500000000001,
micro-lm:Q4,0,4,identity,0.02438368648290634,0.006028903182595968,0.08519229292869568,0.15625,0.9072250000000002,
micro-lm:Q4,0,4,temperature,0.024487527087330818,0.006077124271541834,0.08565869182348251,0.15625,0.9072250000000002,0.9796992089818287
micro-lm:Q4,0,4,temperature+rank,0.025326166433384822,0.00629974943156545,0.08761765347523191,0.1585,0.9072250000000002,
micro-lm:Q4,0,4,isotonic,0.049736835062503815,0.011985578574240208,0.1138932928442955,0.1825,0.9048000000000002,
micro-lm:Q4,0,4,temperature+token-bias,0.018645716831088066,0.004643816035240889,0.07481685280799866,0.1355,0.9182500000000002,
micro-lm:Q4,0,4,temperature+token-bias+PCA,0.018434956669807434,0.004591534845530987,0.074334517121315,0.135,0.9183000000000002,
micro-lm:Q4,0,8,identity,0.02438368648290634,0.006028903182595968,0.08519229292869568,0.15625,0.9072250000000002,
micro-lm:Q4,0,8,temperature,0.024327123537659645,0.0060278563760221004,0.08523089438676834,0.15625,0.9072250000000002,0.9883385405496345
micro-lm:Q4,0,8,temperature+rank,0.024418030546450774,0.006045578959768445,0.08508241761977148,0.1545,0.9072750000000002,
micro-lm:Q4,0,8,isotonic,0.03352569416165352,0.008264662697911263,0.0973917618393898,0.164,0.9059000000000001,
micro-lm:Q4,0,8,temperature+token-bias,0.01665811613202095,0.00415381183847785,0.07062336802482605,0.13075,0.9224000000000001,
micro-lm:Q4,0,8,temperature+token-bias+PCA,0.018211521208286285,0.004539178684353828,0.07303553819656372,0.13125,0.9195000000000002,
micro-lm:Q4,0,16,identity,0.02438368648290634,0.006028903182595968,0.08519229292869568,0.15625,0.9072250000000002,
micro-lm:Q4,0,16,temperature,0.02480986714363098,0.006166419945657253,0.08639581501483917,0.15625,0.9072250000000002,0.9713189362629335
micro-lm:Q4,0,16,temperature+rank,0.025362682193494634,0.006313011932500304,0.08768091820154358,0.15575,0.9072250000000002,
micro-lm:Q4,0,16,isotonic,0.03320365026593208,0.008206180296838284,0.0974566712975502,0.165,0.9054750000000001,
micro-lm:Q4,0,16,temperature+token-bias,0.014717855490744114,0.0036812112666666508,0.0665089339017868,0.1215,0.9251250000000001,
micro-lm:Q4,0,16,temperature+token-bias+PCA,0.015036000870168209,0.0037597448099404573,0.0664745643734932,0.1185,0.9233000000000002,
micro-lm:Q4,0,32,identity,0.02438368648290634,0.006028903182595968,0.08519229292869568,0.15625,0.9072250000000002,
micro-lm:Q4,0,32,temperature,0.024606559425592422,0.006110655143857002,0.08593843877315521,0.15625,0.9072250000000002,0.9760777687161962
micro-lm:Q4,0,32,temperature+rank,0.02474267614636213,0.006148244668599176,0.08619857863735635,0.15325,0.9072250000000002,
micro-lm:Q4,0,32,isotonic,0.03060031123459339,0.007583822123706341,0.09398188441991806,0.16425,0.9064500000000002,
micro-lm:Q4,0,32,temperature+token-bias,0.01384677179157734,0.003461418906226754,0.06458847224712372,0.11975,0.9269750000000001,
micro-lm:Q4,0,32,temperature+token-bias+PCA,0.013887813314795494,0.0034767522010952234,0.06404772400856018,0.119,0.9263500000000001,
micro-lm:Q4,0,64,identity,0.02438368648290634,0.006028903182595968,0.08519229292869568,0.15625,0.9072250000000002,
micro-lm:Q4,0,64,temperature,0.024372724816203117,0.006043102126568556,0.08536724746227264,0.15625,0.9072250000000002,0.984748351276181
micro-lm:Q4,0,64,temperature+rank,0.02437909282509446,0.0060439723757001376,0.08519836870075263,0.15625,0.9072250000000002,
micro-lm:Q4,0,64,isotonic,0.02604157291352749,0.006460412871092558,0.08801477402448654,0.156,0.9067250000000001,
micro-lm:Q4,0,64,temperature+token-bias,0.013500545173883438,0.003373203333467245,0.06370841711759567,0.1185,0.9283000000000002,
micro-lm:Q4,0,64,temperature+token-bias+PCA,0.012911793775856495,0.003227378474548459,0.061890859156847,0.1175,0.9307750000000001,
micro-lm:Q4,1,2,identity,0.02438368648290634,0.006028903182595968,0.08519229292869568,0.15625,0.9072250000000002,
micro-lm:Q4,1,2,temperature,0.025945477187633514,0.006377499550580978,0.08781787008047104,0.15625,0.9072250000000002,1.0301008735238002
micro-lm:Q4,1,2,temperature+rank,0.02845515770507754,0.006987423129621334,0.09289024060915024,0.15625,0.9072250000000002,
micro-lm:Q4,1,2,isotonic,0.03514682874083519,0.008626246824860573,0.09918845444917679,0.164,0.9058750000000001,
micro-lm:Q4,1,2,temperature+token-bias,0.02203245274722576,0.0054421192035079,0.08085015416145325,0.14425,0.9126250000000001,
micro-lm:Q4,1,2,temperature+token-bias+PCA,0.02203245274722576,0.0054421192035079,0.08085015416145325,0.14425,0.9126250000000001,
micro-lm:Q4,1,4,identity,0.02438368648290634,0.006028903182595968,0.08519229292869568,0.15625,0.9072250000000002,
micro-lm:Q4,1,4,temperature,0.024316910654306412,0.0060187894850969315,0.08513984829187393,0.15625,0.9072250000000002,0.9942605984308535
micro-lm:Q4,1,4,temperature+rank,0.025200388961999335,0.006218796240050721,0.0861848998984383,0.15625,0.9072250000000002,
micro-lm:Q4,1,4,isotonic,0.034971583634614944,0.00858353078365326,0.09901346266269684,0.165,0.9009250000000002,
micro-lm:Q4,1,4,temperature+token-bias,0.018724406138062477,0.004661282524466515,0.07477083057165146,0.13725,0.9169500000000002,
micro-lm:Q4,1,4,temperature+token-bias+PCA,0.01922617107629776,0.004792105406522751,0.07587455958127975,0.133,0.914575,
micro-lm:Q4,1,8,identity,0.02438368648290634,0.006028903182595968,0.08519229292869568,0.15625,0.9072250000000002,
micro-lm:Q4,1,8,temperature,0.024312710389494896,0.006021426059305668,0.0851723775267601,0.15625,0.9072250000000002,0.9909350646488081
micro-lm:Q4,1,8,temperature+rank,0.02478234057829645,0.006142990098288971,0.08606352059924557,0.156,0.9072250000000002,
micro-lm:Q4,1,8,isotonic,0.0350210927426815,0.008590721525251865,0.09891823679208755,0.1665,0.9049000000000003,
micro-lm:Q4,1,8,temperature+token-bias,0.01619318313896656,0.00403978256508708,0.06979846209287643,0.1305,0.9228000000000002,
micro-lm:Q4,1,8,temperature+token-bias+PCA,0.01810491643846035,0.004512172657996416,0.07363314181566238,0.135,0.9191500000000001,
micro-lm:Q4,1,16,identity,0.02438368648290634,0.006028903182595968,0.08519229292869568,0.15625,0.9072250000000002,
micro-lm:Q4,1,16,temperature,0.024330612272024155,0.0060291471891105175,0.08524240553379059,0.15625,0.9072250000000002,0.987950771788962
micro-lm:Q4,1,16,temperature+rank,0.024820746252567957,0.006156419460474077,0.08598504547141167,0.155,0.9072250000000002,
micro-lm:Q4,1,16,isotonic,0.02816646546125412,0.006981957703828812,0.09119413793087006,0.164,0.9053750000000002,
micro-lm:Q4,1,16,temperature+token-bias,0.014717953279614449,0.0036751299630850554,0.06652409583330154,0.12525,0.9251750000000002,
micro-lm:Q4,1,16,temperature+token-bias+PCA,0.015796983614563942,0.003945815842598677,0.06868954747915268,0.1265,0.9234750000000002,
micro-lm:Q4,1,32,identity,0.02438368648290634,0.006028903182595968,0.08519229292869568,0.15625,0.9072250000000002,
micro-lm:Q4,1,32,temperature,0.02443518303334713,0.00606195256114006,0.08553088456392288,0.15625,0.9072250000000002,0.9816892299961677
micro-lm:Q4,1,32,temperature+rank,0.024932934936697602,0.006190906382796199,0.08625993322326335,0.154,0.9072250000000002,
micro-lm:Q4,1,32,isotonic,0.028293613344430923,0.007008050102740526,0.09156663715839386,0.167,0.9067000000000001,
micro-lm:Q4,1,32,temperature+token-bias,0.013820681720972061,0.003451405791565776,0.06451855599880219,0.12025,0.9276500000000001,
micro-lm:Q4,1,32,temperature+token-bias+PCA,0.013698332943022251,0.003416426945477724,0.06387130171060562,0.12125,0.9274500000000001,
micro-lm:Q4,1,64,identity,0.02438368648290634,0.006028903182595968,0.08519229292869568,0.15625,0.9072250000000002,
micro-lm:Q4,1,64,temperature,0.024338390678167343,0.006031903903931379,0.08526691794395447,0.15625,0.9072250000000002,0.9871967245547504
micro-lm:Q4,1,64,temperature+rank,0.02437447446909787,0.006041812727805256,0.08524223673348758,0.156,0.9072250000000002,
micro-lm:Q4,1,64,isotonic,0.02633967250585556,0.006527065299451351,0.08851850032806396,0.1645,0.9063000000000002,
micro-lm:Q4,1,64,temperature+token-bias,0.013422377407550812,0.0033495731186121702,0.0633874237537384,0.118,0.92795,
micro-lm:Q4,1,64,temperature+token-bias+PCA,0.013460362330079079,0.0033583256881684065,0.06339569389820099,0.11925,0.9285000000000001,
micro-lm:Q4,2,2,identity,0.02438368648290634,0.006028903182595968,0.08519229292869568,0.15625,0.9072250000000002,
micro-lm:Q4,2,2,temperature,0.02445473149418831,0.006067662965506315,0.08557923138141632,0.15625,0.9072250000000002,0.9809041068446238
micro-lm:Q4,2,2,temperature+rank,0.03419970824282375,0.008395286179442997,0.10209107367774099,0.15625,0.9072250000000002,
micro-lm:Q4,2,2,isotonic,0.09491479396820068,0.021839965134859085,0.1521349549293518,0.263,0.903275,
micro-lm:Q4,2,2,temperature+token-bias,0.020477978512644768,0.005090536084026098,0.07811250537633896,0.1405,0.9144750000000001,
micro-lm:Q4,2,2,temperature+token-bias+PCA,0.020477978512644768,0.005090536084026098,0.07811250537633896,0.1405,0.9144750000000001,
micro-lm:Q4,2,4,identity,0.02438368648290634,0.006028903182595968,0.08519229292869568,0.15625,0.9072250000000002,
micro-lm:Q4,2,4,temperature,0.024377837777137756,0.006027825642377138,0.0851854681968689,0.15625,0.9072250000000002,0.9996714879617336
micro-lm:Q4,2,4,temperature+rank,0.0254897708508282,0.006293253992381409,0.08701949508791378,0.15625,0.9072250000000002,
micro-lm:Q4,2,4,isotonic,0.0825599804520607,0.019016645848751068,0.13891443610191345,0.24575,0.9033000000000002,
micro-lm:Q4,2,4,temperature+token-bias,0.018906932324171066,0.004694721661508083,0.0749930739402771,0.139,0.9176250000000002,
micro-lm:Q4,2,4,temperature+token-bias+PCA,0.020022617653012276,0.004970965441316366,0.07697000354528427,0.13925,0.9150250000000001,
micro-lm:Q4,2,8,identity,0.02438368648290634,0.006028903182595968,0.08519229292869568,0.15625,0.9072250000000002,
micro-lm:Q4,2,8,temperature,0.024364814162254333,0.006025488954037428,0.08517146855592728,0.15625,0.9072250000000002,0.9988834259127758
micro-lm:Q4,2,8,temperature+rank,0.024974143411935705,0.006178304116657589,0.0867581270377635,0.15625,0.9072250000000002,
micro-lm:Q4,2,8,isotonic,0.047253936529159546,0.01141810230910778,0.11271700263023376,0.20725,0.9056250000000002,
micro-lm:Q4,2,8,temperature+token-bias,0.016187388449907303,0.004029521252959967,0.0694163590669632,0.1265,0.9229250000000002,
micro-lm:Q4,2,8,temperature+token-bias+PCA,0.0173677708953619,0.004330064170062542,0.07176919281482697,0.1385,0.9204000000000002,
micro-lm:Q4,2,16,identity,0.02438368648290634,0.006028903182595968,0.08519229292869568,0.15625,0.9072250000000002,
micro-lm:Q4,2,16,temperature,0.024383991956710815,0.006028959061950445,0.08519264310598373,0.15625,0.9072250000000002,1.0000166413474905
micro-lm:Q4,2,16,temperature+rank,0.02467755274451241,0.006095203706247879,0.08578648103399943,0.15625,0.9072250000000002,
micro-lm:Q4,2,16,isotonic,0.0437295064330101,0.010592842474579811,0.10855204612016678,0.1825,0.9056500000000001,
micro-lm:Q4,2,16,temperature+token-bias,0.015641022473573685,0.0038994534406811,0.06862887740135193,0.125,0.9246500000000001,
micro-lm:Q4,2,16,temperature+token-bias+PCA,0.01526529248803854,0.003803406609222293,0.06715800613164902,0.126,0.924525,
micro-lm:Q4,2,32,identity,0.02438368648290634,0.006028903182595968,0.08519229292869568,0.15625,0.9072250000000002,
micro-lm:Q4,2,32,temperature,0.02434518001973629,0.006022196728736162,0.08515265583992004,0.15625,0.9072250000000002,0.9974852676329662
micro-lm:Q4,2,32,temperature+rank,0.02452303805764255,0.006066353815560793,0.08562888553380835,0.15725,0.9072250000000002,
micro-lm:Q4,2,32,isotonic,0.040068142116069794,0.009747258387506008,0.1043386310338974,0.16075,0.9064250000000001,
micro-lm:Q4,2,32,temperature+token-bias,0.014252929948270321,0.003557472489774227,0.06549391150474548,0.1195,0.9267750000000001,
micro-lm:Q4,2,32,temperature+token-bias+PCA,0.01411392167210579,0.003513936884701252,0.06499738246202469,0.12075,0.9281750000000002,
micro-lm:Q4,2,64,identity,0.02438368648290634,0.006028903182595968,0.08519229292869568,0.15625,0.9072250000000002,
micro-lm:Q4,2,64,temperature,0.024311386048793793,0.006019544322043657,0.08515293896198273,0.15625,0.9072250000000002,0.9923435140262613
micro-lm:Q4,2,64,temperature+rank,0.024377049397026042,0.006036211635125783,0.0853708820706373,0.15525,0.9072250000000002,
micro-lm:Q4,2,64,isotonic,0.025896446779370308,0.0064130667597055435,0.08819948136806488,0.16475,0.9071000000000001,
micro-lm:Q4,2,64,temperature+token-bias,0.013677545823156834,0.0034133032895624638,0.06409132480621338,0.1175,0.9282250000000002,
micro-lm:Q4,2,64,temperature+token-bias+PCA,0.0130795668810606,0.0032620043493807316,0.06235995516180992,0.11225,0.9288500000000002,
micro-lm:Q4,3,2,identity,0.02438368648290634,0.006028903182595968,0.08519229292869568,0.15625,0.9072250000000002,
micro-lm:Q4,3,2,temperature,0.02572128176689148,0.006409014575183392,0.08829737454652786,0.15625,0.9072250000000002,0.957303045545508
micro-lm:Q4,3,2,temperature+rank,0.035826695886495875,0.008925842109194004,0.10934807875269849,0.312,0.9070500000000001,
micro-lm:Q4,3,2,isotonic,0.06150469183921814,0.014699905179440975,0.12702876329421997,0.183,0.8971750000000002,
micro-lm:Q4,3,2,temperature+token-bias,0.02082841284573078,0.005206012167036533,0.07956892997026443,0.13525,0.9151750000000002,
micro-lm:Q4,3,2,temperature+token-bias+PCA,0.02082841284573078,0.005206011701375246,0.07956893742084503,0.13525,0.9151750000000002,
micro-lm:Q4,3,4,identity,0.02438368648290634,0.006028903182595968,0.08519229292869568,0.15625,0.9072250000000002,
micro-lm:Q4,3,4,temperature,0.024464866146445274,0.0060448553413152695,0.08529960364103317,0.15625,0.9072250000000002,1.0036400776018484
micro-lm:Q4,3,4,temperature+rank,0.0257872181659519,0.006365780008550893,0.08743448342874248,0.17575,0.9068750000000002,
micro-lm:Q4,3,4,isotonic,0.05682120472192764,0.013528610579669476,0.12163523584604263,0.20725,0.9045000000000002,
micro-lm:Q4,3,4,temperature+token-bias,0.018259158357977867,0.004532600287348032,0.07374981790781021,0.133,0.9178250000000001,
micro-lm:Q4,3,4,temperature+token-bias+PCA,0.02043883129954338,0.005059699062258005,0.07740281522274017,0.13025,0.9115500000000002,
micro-lm:Q4,3,8,identity,0.02438368648290634,0.006028903182595968,0.08519229292869568,0.15625,0.9072250000000002,
micro-lm:Q4,3,8,temperature,0.024396054446697235,0.006050284951925278,0.08543051034212112,0.15625,0.9072250000000002,0.9834761066025026
micro-lm:Q4,3,8,temperature+rank,0.024638930456528495,0.006117058352747164,0.08595469842696314,0.158,0.9072250000000002,
micro-lm:Q4,3,8,isotonic,0.053482215851545334,0.012707346118986607,0.11595198512077332,0.20525,0.906275,
micro-lm:Q4,3,8,temperature+token-bias,0.015645630657672882,0.0039047456812113523,0.06857306510210037,0.12475,0.9218500000000002,
micro-lm:Q4,3,8,temperature+token-bias+PCA,0.019756980240345,0.004953090567141771,0.07732227444648743,0.1295,0.9140750000000002,
micro-lm:Q4,3,16,identity,0.02438368648290634,0.006028903182595968,0.08519229292869568,0.15625,0.9072250000000002,
micro-lm:Q4,3,16,temperature,0.024397628381848335,0.006050764117389917,0.08543470501899719,0.15625,0.9072250000000002,0.9833967651475337
micro-lm:Q4,3,16,temperature+rank,0.024495875943191067,0.006076043349144992,0.08551371942898438,0.15625,0.9072250000000002,
micro-lm:Q4,3,16,isotonic,0.0413963757455349,0.010049255564808846,0.10550979524850845,0.1775,0.9062250000000002,
micro-lm:Q4,3,16,temperature+token-bias,0.014571987092494965,0.0036422463599592447,0.06623078882694244,0.12175,0.9253250000000002,
micro-lm:Q4,3,16,temperature+token-bias+PCA,0.016741689294576645,0.004183128476142883,0.07071977853775024,0.125,0.9213000000000002,
micro-lm:Q4,3,32,identity,0.02438368648290634,0.006028903182595968,0.08519229292869568,0.15625,0.9072250000000002,
micro-lm:Q4,3,32,temperature,0.02431485801935196,0.006022671703249216,0.08518412709236145,0.15625,0.9072250000000002,0.9902865502732663
micro-lm:Q4,3,32,temperature+rank,0.02470678015271184,0.006116308255132896,0.08575682322088553,0.15625,0.9072250000000002,
micro-lm:Q4,3,32,isotonic,0.040716588497161865,0.009895486757159233,0.10439635068178177,0.17825,0.9068000000000002,
micro-lm:Q4,3,32,temperature+token-bias,0.01376187615096569,0.003435334423556924,0.0643097311258316,0.1175,0.9267250000000001,
micro-lm:Q4,3,32,temperature+token-bias+PCA,0.014439728111028671,0.003602387383580208,0.0652749091386795,0.12,0.9259500000000002,
micro-lm:Q4,3,64,identity,0.02438368648290634,0.006028903182595968,0.08519229292869568,0.15625,0.9072250000000002,
micro-lm:Q4,3,64,temperature,0.024311339482665062,0.00601962860673666,0.08515392243862152,0.15625,0.9072250000000002,0.9922558437646981
micro-lm:Q4,3,64,temperature+rank,0.024334286966903988,0.006023656671905055,0.08515729335741526,0.152,0.9072250000000002,
micro-lm:Q4,3,64,isotonic,0.026446998119354248,0.006552817299962044,0.089586041867733,0.17175,0.9064500000000002,
micro-lm:Q4,3,64,temperature+token-bias,0.013472490943968296,0.0033634130377322435,0.06355521827936172,0.11525,0.9282250000000002,
micro-lm:Q4,3,64,temperature+token-bias+PCA,0.01313494611531496,0.003277429612353444,0.0622788704931736,0.1105,0.9305000000000001,
micro-lm:Q4,4,2,identity,0.02438368648290634,0.006028903182595968,0.08519229292869568,0.15625,0.9072250000000002,
micro-lm:Q4,4,2,temperature,0.02672208473086357,0.006557020824402571,0.08919825404882431,0.15625,0.9072250000000002,1.0383577409328826
micro-lm:Q4,4,2,temperature+rank,0.02964715659772941,0.007267233624024388,0.09526087527083311,0.15625,0.9072500000000002,
micro-lm:Q4,4,2,isotonic,0.02878584899008274,0.007125999312847853,0.09313131868839264,0.15775,0.9050000000000002,
micro-lm:Q4,4,2,temperature+token-bias,0.022335289046168327,0.005508397240191698,0.08137932419776917,0.1445,0.9130250000000001,
micro-lm:Q4,4,2,temperature+token-bias+PCA,0.022335289046168327,0.005508397240191698,0.08137932419776917,0.1445,0.9130250000000001,
micro-lm:Q4,4,4,identity,0.02438368648290634,0.006028903182595968,0.08519229292869568,0.15625,0.9072250000000002,
micro-lm:Q4,4,4,temperature,0.024381713941693306,0.006045898422598839,0.0853920429944992,0.15625,0.9072250000000002,0.984233120837289
micro-lm:Q4,4,4,temperature+rank,0.025299484163649303,0.006270076781054767,0.08664971677036445,0.15625,0.9072250000000002,
micro-lm:Q4,4,4,isotonic,0.029630260542035103,0.007331217639148235,0.0945189893245697,0.1695,0.9032750000000002,
micro-lm:Q4,4,4,temperature+token-bias,0.01785888336598873,0.004449379164725542,0.0735839381814003,0.135,0.9198250000000001,
micro-lm:Q4,4,4,temperature+token-bias+PCA,0.01900787651538849,0.004742331802845001,0.07561181485652924,0.139,0.9164250000000002,
micro-lm:Q4,4,8,identity,0.02438368648290634,0.006028903182595968,0.08519229292869568,0.15625,0.9072250000000002,
micro-lm:Q4,4,8,temperature,0.024327890947461128,0.006028143223375082,0.0852334275841713,0.15625,0.9072250000000002,0.9882501268320769
micro-lm:Q4,4,8,temperature+rank,0.024906243073030743,0.006168339983310062,0.08590961623869298,0.156,0.9072250000000002,
micro-lm:Q4,4,8,isotonic,0.027474693953990936,0.006801939569413662,0.0904427245259285,0.16825,0.9068500000000002,
micro-lm:Q4,4,8,temperature+token-bias,0.016024673357605934,0.003997988998889923,0.06943951547145844,0.12925,0.9228000000000002,
micro-lm:Q4,4,8,temperature+token-bias+PCA,0.018745003268122673,0.004685520194470882,0.07525593787431717,0.133,0.9191750000000002,
micro-lm:Q4,4,16,identity,0.02438368648290634,0.006028903182595968,0.08519229292869568,0.15625,0.9072250000000002,
micro-lm:Q4,4,16,temperature,0.02431298792362213,0.006018920801579952,0.08514478802680969,0.15625,0.9072250000000002,0.9932641202434679
micro-lm:Q4,4,16,temperature+rank,0.024562728125286735,0.006082013527450581,0.08527415195294569,0.15225,0.9072250000000002,
micro-lm:Q4,4,16,isotonic,0.026556801050901413,0.006581524852663279,0.08907312899827957,0.16275,0.9071000000000001,
micro-lm:Q4,4,16,temperature+token-bias,0.014826184138655663,0.0037002896424382925,0.06655653566122055,0.12025,0.9264500000000001,
micro-lm:Q4,4,16,temperature+token-bias+PCA,0.015778517350554466,0.003935351502150297,0.06839456409215927,0.12275,0.92375,
micro-lm:Q4,4,32,identity,0.02438368648290634,0.006028903182595968,0.08519229292869568,0.15625,0.9072250000000002,
micro-lm:Q4,4,32,temperature,0.024489475414156914,0.006077682599425316,0.08566334843635559,0.15625,0.9072250000000002,0.9796312782220626
micro-lm:Q4,4,32,temperature+rank,0.024720161460788495,0.006140628698497805,0.08615459988804955,0.15725,0.9072250000000002,
micro-lm:Q4,4,32,isotonic,0.026396678760647774,0.006545041222125292,0.08885078877210617,0.1595,0.9070250000000001,
micro-lm:Q4,4,32,temperature+token-bias,0.013916128315031528,0.003479330101981759,0.06464067101478577,0.1175,0.9279250000000002,
micro-lm:Q4,4,32,temperature+token-bias+PCA,0.013937868177890778,0.003484542714431882,0.06430278718471527,0.12025,0.9258000000000002,
micro-lm:Q4,4,64,identity,0.02438368648290634,0.006028903182595968,0.08519229292869568,0.15625,0.9072250000000002,
micro-lm:Q4,4,64,temperature,0.024352746084332466,0.00603672256693244,0.08531007170677185,0.15625,0.9072250000000002,0.9860494907008552
micro-lm:Q4,4,64,temperature+rank,0.024421033831469166,0.006055136087853419,0.08547776987842161,0.15625,0.9072250000000002,
micro-lm:Q4,4,64,isotonic,0.02603950910270214,0.006450548768043518,0.08817131072282791,0.15825,0.9069000000000002,
micro-lm:Q4,4,64,temperature+token-bias,0.01357627660036087,0.0033906579483300447,0.0638006255030632,0.118,0.92875,
micro-lm:Q4,4,64,temperature+token-bias+PCA,0.01277533546090126,0.0031863560434430838,0.06151178851723671,0.11225,0.9289250000000001,
micro-lm:Q4:OOD-uniform,0,16,identity,0.025701766833662987,0.006364869885146618,0.08651600033044815,0.14266666666666666,0.9101,
micro-lm:Q4:OOD-uniform,0,16,temperature,0.02522454410791397,0.006272848229855299,0.08614867925643921,0.14266666666666666,0.9100833333333334,
micro-lm:Q4:OOD-uniform,0,16,temperature+rank,0.026835600391134376,0.006709505722809417,0.09005822775657704,0.152,0.9100833333333334,
micro-lm:Q4:OOD-uniform,0,16,isotonic,0.0437636598944664,0.01094187144190073,0.1101653203368187,0.15383333333333332,0.9078333333333335,
micro-lm:Q4:OOD-uniform,0,16,temperature+token-bias,0.01930907741189003,0.004823680501431227,0.07603295147418976,0.12583333333333332,0.9219,
micro-lm:Q4:OOD-uniform,0,16,temperature+token-bias+PCA,0.023311400786042213,0.005812060087919235,0.08298738300800323,0.1405,0.9148666666666668,
micro-lm:Q4:OOD-uniform,0,64,identity,0.025701766833662987,0.006364869885146618,0.08651600033044815,0.14266666666666666,0.9101,
micro-lm:Q4:OOD-uniform,0,64,temperature,0.02533407136797905,0.006290524732321501,0.08616030216217041,0.14266666666666666,0.9100833333333334,
micro-lm:Q4:OOD-uniform,0,64,temperature+rank,0.025561277171391766,0.00634874001842916,0.0866119458086422,0.14,0.9100833333333334,
micro-lm:Q4:OOD-uniform,0,64,isotonic,0.02789563685655594,0.006904375273734331,0.09068866074085236,0.14366666666666666,0.9091499999999999,
micro-lm:Q4:OOD-uniform,0,64,temperature+token-bias,0.018716245889663696,0.004672165494412184,0.07473218441009521,0.12516666666666668,0.92275,
micro-lm:Q4:OOD-uniform,0,64,temperature+token-bias+PCA,0.019747860729694366,0.00492623308673501,0.07656766474246979,0.129,0.9207333333333336,
micro-lm:Q4:OOD-uniform,1,16,identity,0.025701766833662987,0.006364869885146618,0.08651600033044815,0.14266666666666666,0.9101,
micro-lm:Q4:OOD-uniform,1,16,temperature,0.026990503072738647,0.006649150047451258,0.08826446533203125,0.14266666666666666,0.9100833333333334,
micro-lm:Q4:OOD-uniform,1,16,temperature+rank,0.027457741023847685,0.006755080277868411,0.08903432044399248,0.14033333333333334,0.9100833333333334,
micro-lm:Q4:OOD-uniform,1,16,isotonic,0.035289544612169266,0.008793316781520844,0.10168090462684631,0.14516666666666667,0.9078833333333334,
micro-lm:Q4:OOD-uniform,1,16,temperature+token-bias,0.021280843764543533,0.00528376642614603,0.0791609063744545,0.13,0.9196166666666667,
micro-lm:Q4:OOD-uniform,1,16,temperature+token-bias+PCA,0.02557206153869629,0.006321310065686703,0.08609850704669952,0.139,0.9125500000000002,
micro-lm:Q4:OOD-uniform,1,64,identity,0.025701766833662987,0.006364869885146618,0.08651600033044815,0.14266666666666666,0.9101,
micro-lm:Q4:OOD-uniform,1,64,temperature,0.02545878104865551,0.006314603146165609,0.08625679463148117,0.14266666666666666,0.9100833333333334,
micro-lm:Q4:OOD-uniform,1,64,temperature+rank,0.025871694846012427,0.0064062204832740334,0.08682294684097572,0.14416666666666667,0.9100833333333334,
micro-lm:Q4:OOD-uniform,1,64,isotonic,0.02771742269396782,0.006858070380985737,0.09039247781038284,0.14166666666666666,0.9091,
micro-lm:Q4:OOD-uniform,1,64,temperature+token-bias,0.01897008717060089,0.004729399923235178,0.07510222494602203,0.12466666666666666,0.9217333333333336,
micro-lm:Q4:OOD-uniform,1,64,temperature+token-bias+PCA,0.021069325506687164,0.005251539405435324,0.0790816992521286,0.13116666666666665,0.9185,
micro-lm:Q4:OOD-uniform,2,16,identity,0.025701766833662987,0.006364869885146618,0.08651600033044815,0.14266666666666666,0.9101,
micro-lm:Q4:OOD-uniform,2,16,temperature,0.025408904999494553,0.006304743234068155,0.08621340990066528,0.14266666666666666,0.9100833333333334,
micro-lm:Q4:OOD-uniform,2,16,temperature+rank,0.025996680160040454,0.006455881802158379,0.08736407402192413,0.15283333333333332,0.9100833333333334,
micro-lm:Q4:OOD-uniform,2,16,isotonic,0.029452133923768997,0.0073352959007024765,0.09266222268342972,0.14183333333333334,0.9081833333333333,
micro-lm:Q4:OOD-uniform,2,16,temperature+token-bias,0.019263941794633865,0.004800992552191019,0.07539162039756775,0.125,0.9217000000000001,
micro-lm:Q4:OOD-uniform,2,16,temperature+token-bias+PCA,0.022703176364302635,0.005648019257932901,0.08151151239871979,0.13366666666666666,0.9157833333333335,
micro-lm:Q4:OOD-uniform,2,64,identity,0.025701766833662987,0.006364869885146618,0.08651600033044815,0.14266666666666666,0.9101,
micro-lm:Q4:OOD-uniform,2,64,temperature,0.0254152100533247,0.006305975373834372,0.0862187072634697,0.14266666666666666,0.9100833333333334,
micro-lm:Q4:OOD-uniform,2,64,temperature+rank,0.025513745142854545,0.006325974234368888,0.08632980933655422,0.14016666666666666,0.9100833333333334,
micro-lm:Q4:OOD-uniform,2,64,isotonic,0.027965281158685684,0.006940866354852915,0.09062395989894867,0.14233333333333334,0.9093666666666668,
micro-lm:Q4:OOD-uniform,2,64,temperature+token-bias,0.018642904236912727,0.004651580937206745,0.07449585199356079,0.12516666666666668,0.9225000000000001,
micro-lm:Q4:OOD-uniform,2,64,temperature+token-bias+PCA,0.02033800631761551,0.00507373409345746,0.07773495465517044,0.132,0.9205833333333333,
micro-lm:Q4:OOD-uniform,3,16,identity,0.025701766833662987,0.006364869885146618,0.08651600033044815,0.14266666666666666,0.9101,
micro-lm:Q4:OOD-uniform,3,16,temperature,0.025416431948542595,0.006306215189397335,0.08621973544359207,0.14266666666666666,0.9100833333333334,
micro-lm:Q4:OOD-uniform,3,16,temperature+rank,0.026233743478380225,0.006502689593306399,0.08759579110772427,0.15316666666666667,0.9101500000000001,
micro-lm:Q4:OOD-uniform,3,16,isotonic,0.03206527605652809,0.007954554632306099,0.09781385958194733,0.164,0.9084166666666667,
micro-lm:Q4:OOD-uniform,3,16,temperature+token-bias,0.019932039082050323,0.004978309851139784,0.07722887396812439,0.13083333333333333,0.9210166666666669,
micro-lm:Q4:OOD-uniform,3,16,temperature+token-bias+PCA,0.02678663656115532,0.006685221567749977,0.08904705941677094,0.15183333333333332,0.9108,
micro-lm:Q4:OOD-uniform,3,64,identity,0.025701766833662987,0.006364869885146618,0.08651600033044815,0.14266666666666666,0.9101,
micro-lm:Q4:OOD-uniform,3,64,temperature,0.02524598129093647,0.006275657564401627,0.08613698184490204,0.14266666666666666,0.9100833333333334,
micro-lm:Q4:OOD-uniform,3,64,temperature+rank,0.025348895915458105,0.006299902189733122,0.0863061136510924,0.14333333333333334,0.9100833333333334,
micro-lm:Q4:OOD-uniform,3,64,isotonic,0.02723171003162861,0.006745926104485989,0.08948496729135513,0.14033333333333334,0.9093500000000002,
micro-lm:Q4:OOD-uniform,3,64,temperature+token-bias,0.01884669065475464,0.004709293134510517,0.07508233934640884,0.12533333333333332,0.9221833333333334,
micro-lm:Q4:OOD-uniform,3,64,temperature+token-bias+PCA,0.021236464381217957,0.005314236041158438,0.07947105914354324,0.13316666666666666,0.9194000000000001,
micro-lm:Q4:OOD-uniform,4,16,identity,0.025701766833662987,0.006364869885146618,0.08651600033044815,0.14266666666666666,0.9101,
micro-lm:Q4:OOD-uniform,4,16,temperature,0.025411048904061317,0.006305161863565445,0.08621519804000854,0.14266666666666666,0.9100833333333334,
micro-lm:Q4:OOD-uniform,4,16,temperature+rank,0.02559404896022509,0.006344290944807795,0.08642789686453149,0.13983333333333334,0.9100833333333334,
micro-lm:Q4:OOD-uniform,4,16,isotonic,0.04163806885480881,0.010407812893390656,0.10719279199838638,0.15716666666666668,0.9083666666666668,
micro-lm:Q4:OOD-uniform,4,16,temperature+token-bias,0.01929674856364727,0.00481635145843029,0.07571657001972198,0.12633333333333333,0.92175,
micro-lm:Q4:OOD-uniform,4,16,temperature+token-bias+PCA,0.023247264325618744,0.005771543364971876,0.08275699615478516,0.1425,0.9153833333333335,
micro-lm:Q4:OOD-uniform,4,64,identity,0.025701766833662987,0.006364869885146618,0.08651600033044815,0.14266666666666666,0.9101,
micro-lm:Q4:OOD-uniform,4,64,temperature,0.02545902505517006,0.006314651574939489,0.08625701814889908,0.14266666666666666,0.9100833333333334,
micro-lm:Q4:OOD-uniform,4,64,temperature+rank,0.02583947546725003,0.006401195880635162,0.08680419017196675,0.15116666666666667,0.9100833333333334,
micro-lm:Q4:OOD-uniform,4,64,isotonic,0.027871374040842056,0.006882146932184696,0.09056324511766434,0.13933333333333334,0.9095500000000002,
micro-lm:Q4:OOD-uniform,4,64,temperature+token-bias,0.01877577230334282,0.004686739761382341,0.07489980012178421,0.12516666666666668,0.9221166666666668,
micro-lm:Q4:OOD-uniform,4,64,temperature+token-bias+PCA,0.020660651847720146,0.005156930070370436,0.07840263843536377,0.1345,0.9184666666666669,
micro-lm:Q3,0,2,identity,0.12191928178071976,0.02834969013929367,0.18185050785541534,0.2565,0.805575,
micro-lm:Q3,0,2,temperature,0.10791851580142975,0.026675201952457428,0.17602643370628357,0.2565,0.805575,0.830372471370949
micro-lm:Q3,0,2,temperature+rank,0.11113987399850943,0.027301287633480876,0.17742802017513207,0.2565,0.8055500000000001,
micro-lm:Q3,0,2,isotonic,0.13349543511867523,0.032846298068761826,0.19710789620876312,0.26575,0.8001500000000001,
micro-lm:Q3,0,2,temperature+token-bias,0.09103040397167206,0.022547557950019836,0.16195030510425568,0.2375,0.8224250000000001,
micro-lm:Q3,0,2,temperature+token-bias+PCA,0.09103040397167206,0.022547557950019836,0.16195030510425568,0.2375,0.8224250000000001,
micro-lm:Q3,0,4,identity,0.12191928178071976,0.02834969013929367,0.18185050785541534,0.2565,0.805575,
micro-lm:Q3,0,4,temperature,0.10599710792303085,0.026084216311573982,0.1733020395040512,0.2565,0.805575,0.8435233185884827
micro-lm:Q3,0,4,temperature+rank,0.10957277542361867,0.026831865421182818,0.17540144526032006,0.2565,0.805475,
micro-lm:Q3,0,4,isotonic,0.1301036924123764,0.03187395632266998,0.19335229694843292,0.2655,0.7986500000000001,
micro-lm:Q3,0,4,temperature+token-bias,0.081914521753788,0.02022341638803482,0.15340851247310638,0.237,0.8290250000000001,
micro-lm:Q3,0,4,temperature+token-bias+PCA,0.0920395478606224,0.02261258289217949,0.16155670583248138,0.23175,0.8193500000000001,
micro-lm:Q3,0,8,identity,0.12191928178071976,0.02834969013929367,0.18185050785541534,0.2565,0.805575,
micro-lm:Q3,0,8,temperature,0.10501264780759811,0.025762997567653656,0.17179858684539795,0.2565,0.805575,0.8523323201927523
micro-lm:Q3,0,8,temperature+rank,0.10618876898540458,0.026041254660857868,0.1736564265861445,0.25325,0.805575,
micro-lm:Q3,0,8,isotonic,0.1108720526099205,0.02690916694700718,0.17640671133995056,0.26125,0.8017500000000001,
micro-lm:Q3,0,8,temperature+token-bias,0.0758873000741005,0.018696840852499008,0.14741778373718262,0.226,0.8362500000000002,
micro-lm:Q3,0,8,temperature+token-bias+PCA,0.0948985144495964,0.022732991725206375,0.1618574857711792,0.22725,0.8283250000000001,
micro-lm:Q3,0,16,identity,0.12191928178071976,0.02834969013929367,0.18185050785541534,0.2565,0.805575,
micro-lm:Q3,0,16,temperature,0.10373266041278839,0.0252840556204319,0.1694895178079605,0.2565,0.805575,0.8705618514082393
micro-lm:Q3,0,16,temperature+rank,0.10441762318254429,0.02552731400671832,0.1711447612180075,0.253,0.8056000000000001,
micro-lm:Q3,0,16,isotonic,0.10925481468439102,0.026558177545666695,0.17503099143505096,0.26725,0.7998000000000001,
micro-lm:Q3,0,16,temperature+token-bias,0.06963131576776505,0.01708459109067917,0.1415826380252838,0.22325,0.8450750000000001,
micro-lm:Q3,0,16,temperature+token-bias+PCA,0.06933937966823578,0.0169691052287817,0.13954667747020721,0.21,0.8423250000000002,
micro-lm:Q3,0,32,identity,0.12191928178071976,0.02834969013929367,0.18185050785541534,0.2565,0.805575,
micro-lm:Q3,0,32,temperature,0.1034674197435379,0.025134872645139694,0.16873615980148315,0.2565,0.805575,0.8798005792798489
micro-lm:Q3,0,32,temperature+rank,0.10360046329122753,0.02524836367755796,0.16968154056502754,0.2675,0.8055500000000002,
micro-lm:Q3,0,32,isotonic,0.10928025841712952,0.026451578363776207,0.17500533163547516,0.2675,0.8026750000000001,
micro-lm:Q3,0,32,temperature+token-bias,0.0677279680967331,0.016605472192168236,0.13977061212062836,0.2195,0.8447,
micro-lm:Q3,0,32,temperature+token-bias+PCA,0.0649694949388504,0.0159207321703434,0.13572920858860016,0.2165,0.8494500000000001,
micro-lm:Q3,0,64,identity,0.12191928178071976,0.02834969013929367,0.18185050785541534,0.2565,0.805575,
micro-lm:Q3,0,64,temperature,0.10350710898637772,0.025164538994431496,0.16888637840747833,0.2565,0.805575,0.8776174061075085
micro-lm:Q3,0,64,temperature+rank,0.10367506201708099,0.025226025541495365,0.1691798638544706,0.25725,0.805475,
micro-lm:Q3,0,64,isotonic,0.1063358336687088,0.025610225275158882,0.1707468330860138,0.25975,0.8041500000000001,
micro-lm:Q3,0,64,temperature+token-bias,0.06592068821191788,0.01616871915757656,0.13741658627986908,0.2195,0.848075,
micro-lm:Q3,0,64,temperature+token-bias+PCA,0.05938071385025978,0.014580680988729,0.12979461252689362,0.207,0.8573250000000001,
micro-lm:Q3,1,2,identity,0.12191928178071976,0.02834969013929367,0.18185050785541534,0.2565,0.805575,
micro-lm:Q3,1,2,temperature,0.10351251065731049,0.025030432268977165,0.16814029216766357,0.2565,0.805575,0.8923426438546427
micro-lm:Q3,1,2,temperature+rank,0.11921924376496319,0.029038588331536705,0.1852628221948438,0.2565,0.805575,
micro-lm:Q3,1,2,isotonic,0.1419663429260254,0.03468018397688866,0.20227773487567902,0.26825,0.8011750000000001,
micro-lm:Q3,1,2,temperature+token-bias,0.08727088570594788,0.021200062707066536,0.15522500872612,0.23375,0.8208750000000001,
micro-lm:Q3,1,2,temperature+token-bias+PCA,0.08727088570594788,0.021200062707066536,0.15522500872612,0.23375,0.8208750000000001,
micro-lm:Q3,1,4,identity,0.12191928178071976,0.02834969013929367,0.18185050785541534,0.2565,0.805575,
micro-lm:Q3,1,4,temperature,0.10348586738109589,0.025149554014205933,0.16881109774112701,0.2565,0.805575,0.8786885361667502
micro-lm:Q3,1,4,temperature+rank,0.10574015390460333,0.025810850880314647,0.1725393484714756,0.26375,0.805575,
micro-lm:Q3,1,4,isotonic,0.12505076825618744,0.03071434795856476,0.1905924379825592,0.2775,0.79895,
micro-lm:Q3,1,4,temperature+token-bias,0.08352983742952347,0.020446406677365303,0.1528082937002182,0.2305,0.8266000000000001,
micro-lm:Q3,1,4,temperature+token-bias+PCA,0.08853454887866974,0.02159133180975914,0.15761776268482208,0.23925,0.8228750000000001,
micro-lm:Q3,1,8,identity,0.12191928178071976,0.02834969013929367,0.18185050785541534,0.2565,0.805575,
micro-lm:Q3,1,8,temperature,0.1036161333322525,0.025227563455700874,0.16920362412929535,0.2565,0.805575,0.8736337038526988
micro-lm:Q3,1,8,temperature+rank,0.10415196409454058,0.02550464013416129,0.17142449780277577,0.2595,0.805575,
micro-lm:Q3,1,8,isotonic,0.12626449763774872,0.030637729912996292,0.18963244557380676,0.26925,0.8021500000000001,
micro-lm:Q3,1,8,temperature+token-bias,0.07650097459554672,0.01873464696109295,0.14743906259536743,0.2275,0.8354000000000001,
micro-lm:Q3,1,8,temperature+token-bias+PCA,0.08344577252864838,0.020414654165506363,0.15415164828300476,0.2555,0.83145,
micro-lm:Q3,1,16,identity,0.12191928178071976,0.02834969013929367,0.18185050785541534,0.2565,0.805575,
micro-lm:Q3,1,16,temperature,0.10350647568702698,0.025031546130776405,0.16814862191677094,0.2565,0.805575,0.892063205365954
micro-lm:Q3,1,16,temperature+rank,0.10554618895003065,0.025582543079465586,0.1710746291316509,0.2565,0.805575,
micro-lm:Q3,1,16,isotonic,0.1282798796892166,0.03093593940138817,0.1910073459148407,0.28925,0.8008500000000002,
micro-lm:Q3,1,16,temperature+token-bias,0.07095484435558319,0.017323536798357964,0.1420896351337433,0.2195,0.8447500000000001,
micro-lm:Q3,1,16,temperature+token-bias+PCA,0.07302403450012207,0.017841588705778122,0.1440661996603012,0.22025,0.8436000000000001,
micro-lm:Q3,1,32,identity,0.12191928178071976,0.02834969013929367,0.18185050785541534,0.2565,0.805575,
micro-lm:Q3,1,32,temperature,0.1034567579627037,0.02504662796854973,0.16824890673160553,0.2565,0.805575,0.8891188127626445
micro-lm:Q3,1,32,temperature+rank,0.1038060875593425,0.025203695021831934,0.16931123448060784,0.2565,0.805575,
micro-lm:Q3,1,32,isotonic,0.11764635890722275,0.028039686381816864,0.18218252062797546,0.26225,0.8035750000000002,
micro-lm:Q3,1,32,temperature+token-bias,0.06808895617723465,0.01665418967604637,0.13940905034542084,0.223,0.8463750000000002,
micro-lm:Q3,1,32,temperature+token-bias+PCA,0.06716613471508026,0.016536805778741837,0.13935086131095886,0.2235,0.8497500000000002,
micro-lm:Q3,1,64,identity,0.12191928178071976,0.02834969013929367,0.18185050785541534,0.2565,0.805575,
micro-lm:Q3,1,64,temperature,0.10346844792366028,0.025041667744517326,0.16821704804897308,0.2565,0.805575,0.8899651229141998
micro-lm:Q3,1,64,temperature+rank,0.10329001985791544,0.025079348873594014,0.16858831305972383,0.2565,0.805575,
micro-lm:Q3,1,64,isotonic,0.11019310355186462,0.026175370439887047,0.17347799241542816,0.2595,0.8033250000000001,
micro-lm:Q3,1,64,temperature+token-bias,0.06685945391654968,0.0163746178150177,0.1386764645576477,0.22675,0.8477250000000003,
micro-lm:Q3,1,64,temperature+token-bias+PCA,0.06060056388378143,0.014909968711435795,0.13173192739486694,0.211,0.8564750000000001,
micro-lm:Q3,2,2,identity,0.12191928178071976,0.02834969013929367,0.18185050785541534,0.2565,0.805575,
micro-lm:Q3,2,2,temperature,0.10801627486944199,0.02670450322329998,0.17615856230258942,0.2565,0.805575,0.8297898557101379
micro-lm:Q3,2,2,temperature+rank,0.12190432334857856,0.030604225948509586,0.19526638823832718,0.2535,0.805525,
micro-lm:Q3,2,2,isotonic,0.19534966349601746,0.04677598923444748,0.239841029047966,0.41125,0.80145,
micro-lm:Q3,2,2,temperature+token-bias,0.09486307948827744,0.02350778877735138,0.16607870161533356,0.2435,0.8190000000000002,
micro-lm:Q3,2,2,temperature+token-bias+PCA,0.09486307948827744,0.02350778877735138,0.16607870161533356,0.2435,0.8190000000000002,
micro-lm:Q3,2,4,identity,0.12191928178071976,0.02834969013929367,0.18185050785541534,0.2565,0.805575,
micro-lm:Q3,2,4,temperature,0.10434863716363907,0.025530541315674782,0.1707071214914322,0.2565,0.805575,0.8600284950579623
micro-lm:Q3,2,4,temperature+rank,0.10454613563505316,0.02563229768116889,0.17162282900599726,0.25975,0.8054250000000002,
micro-lm:Q3,2,4,isotonic,0.12883636355400085,0.030975375324487686,0.1932370364665985,0.2595,0.8018250000000001,
micro-lm:Q3,2,4,temperature+token-bias,0.0869472473859787,0.021361196413636208,0.1577124297618866,0.24075,0.8229500000000001,
micro-lm:Q3,2,4,temperature+token-bias+PCA,0.09621493518352509,0.023664403706789017,0.16609875857830048,0.25025,0.8148500000000001,
micro-lm:Q3,2,8,identity,0.12191928178071976,0.02834969013929367,0.18185050785541534,0.2565,0.805575,
micro-lm:Q3,2,8,temperature,0.10803501307964325,0.026710115373134613,0.17618383467197418,0.2565,0.805575,0.8296789626038741
micro-lm:Q3,2,8,temperature+rank,0.10876427627232019,0.0269482561072343,0.17782539375219372,0.2565,0.805575,
micro-lm:Q3,2,8,isotonic,0.12522055208683014,0.030042607337236404,0.19031381607055664,0.26425,0.8031250000000001,
micro-lm:Q3,2,8,temperature+token-bias,0.08446050435304642,0.0209532231092453,0.15892602503299713,0.24975,0.8325250000000001,
micro-lm:Q3,2,8,temperature+token-bias+PCA,0.10614489763975143,0.026283670216798782,0.17515829205513,0.25725,0.808575,
micro-lm:Q3,2,16,identity,0.12191928178071976,0.02834969013929367,0.18185050785541534,0.2565,0.805575,
micro-lm:Q3,2,16,temperature,0.10431328415870667,0.025517530739307404,0.17064496874809265,0.2565,0.805575,0.8605079865272923
micro-lm:Q3,2,16,temperature+rank,0.10470170646761726,0.025661054849753392,0.17234605934991556,0.26625,0.805575,
micro-lm:Q3,2,16,isotonic,0.12843143939971924,0.03025507740676403,0.19188696146011353,0.2665,0.7989250000000001,
micro-lm:Q3,2,16,temperature+token-bias,0.07484415918588638,0.01841806434094906,0.1488082855939865,0.24475,0.8400000000000002,
micro-lm:Q3,2,16,temperature+token-bias+PCA,0.07788511365652084,0.019161198288202286,0.14916233718395233,0.24525,0.8359000000000001,
micro-lm:Q3,2,32,identity,0.12191928178071976,0.02834969013929367,0.18185050785541534,0.2565,0.805575,
micro-lm:Q3,2,32,temperature,0.10386034101247787,0.025340182706713676,0.16977481544017792,0.2565,0.805575,0.867826249383116
micro-lm:Q3,2,32,temperature+rank,0.10456544190326394,0.025566564109740876,0.17169152239228241,0.275,0.8055500000000001,
micro-lm:Q3,2,32,isotonic,0.11686079204082489,0.027628635987639427,0.1804315745830536,0.26425,0.8018000000000002,
micro-lm:Q3,2,32,temperature+token-bias,0.06957650929689407,0.017108125612139702,0.14230169355869293,0.22775,0.8454750000000001,
micro-lm:Q3,2,32,temperature+token-bias+PCA,0.0633363276720047,0.015584972687065601,0.13450604677200317,0.22075,0.8514,
micro-lm:Q3,2,64,identity,0.12191928178071976,0.02834969013929367,0.18185050785541534,0.2565,0.805575,
micro-lm:Q3,2,64,temperature,0.10350950807332993,0.02516614831984043,0.1688944399356842,0.2565,0.805575,0.8775057980047297
micro-lm:Q3,2,64,temperature+rank,0.10338618903485639,0.025203736857505356,0.1695049566882737,0.2635,0.805575,
micro-lm:Q3,2,64,isotonic,0.11048181354999542,0.026289086788892746,0.17388136684894562,0.2665,0.8039250000000002,
micro-lm:Q3,2,64,temperature+token-bias,0.06797657161951065,0.016659950837492943,0.14017550647258759,0.2255,0.8465250000000001,
micro-lm:Q3,2,64,temperature+token-bias+PCA,0.05939826741814613,0.014611402526497841,0.1301075965166092,0.21375,0.8567500000000002,
micro-lm:Q3,3,2,identity,0.12191928178071976,0.02834969013929367,0.18185050785541534,0.2565,0.805575,
micro-lm:Q3,3,2,temperature,0.1043897271156311,0.025545546784996986,0.17077875137329102,0.2565,0.805575,0.8594830569025833
micro-lm:Q3,3,2,temperature+rank,0.11392657450775803,0.027990591277657607,0.18314828319315699,0.343,0.8030750000000001,
micro-lm:Q3,3,2,isotonic,0.14557011425495148,0.03372752666473389,0.20175406336784363,0.25725,0.7945500000000001,
micro-lm:Q3,3,2,temperature+token-bias,0.09485378861427307,0.02321613021194935,0.16361987590789795,0.24925,0.8173750000000001,
micro-lm:Q3,3,2,temperature+token-bias+PCA,0.09485378861427307,0.02321613021194935,0.16361987590789795,0.24925,0.8173750000000001,
micro-lm:Q3,3,4,identity,0.12191928178071976,0.02834969013929367,0.18185050785541534,0.2565,0.805575,
micro-lm:Q3,3,4,temperature,0.10464196652173996,0.025635603815317154,0.17120397090911865,0.2565,0.805575,0.8563659269173711
micro-lm:Q3,3,4,temperature+rank,0.10717092544884921,0.026402832564434528,0.17579218028012378,0.2715,0.8053,
micro-lm:Q3,3,4,isotonic,0.1157422661781311,0.027629924938082695,0.17763562500476837,0.26225,0.7994250000000002,
micro-lm:Q3,3,4,temperature+token-bias,0.08808831125497818,0.021660396829247475,0.15839891135692596,0.245,0.8243,
micro-lm:Q3,3,4,temperature+token-bias+PCA,0.08887240290641785,0.022021479904651642,0.15816357731819153,0.24625,0.81805,
micro-lm:Q3,3,8,identity,0.12191928178071976,0.02834969013929367,0.18185050785541534,0.2565,0.805575,
micro-lm:Q3,3,8,temperature,0.10363032668828964,0.025234848260879517,0.16924022138118744,0.2565,0.805575,0.8732155923989134
micro-lm:Q3,3,8,temperature+rank,0.10583374155917327,0.02580886367718647,0.17165110447696508,0.2565,0.805575,
micro-lm:Q3,3,8,isotonic,0.118620865046978,0.02847282774746418,0.18450909852981567,0.27275,0.8003500000000001,
micro-lm:Q3,3,8,temperature+token-bias,0.07815559208393097,0.01915796659886837,0.14919842779636383,0.23775,0.8315000000000001,
micro-lm:Q3,3,8,temperature+token-bias+PCA,0.08956876397132874,0.021957313641905785,0.15915805101394653,0.26925,0.8222500000000003,
micro-lm:Q3,3,16,identity,0.12191928178071976,0.02834969013929367,0.18185050785541534,0.2565,0.805575,
micro-lm:Q3,3,16,temperature,0.10345206409692764,0.025120452046394348,0.16866140067577362,0.2565,0.805575,0.8809647359393515
micro-lm:Q3,3,16,temperature+rank,0.10414604290095696,0.025362624914207578,0.16976732104400957,0.2545,0.805575,
micro-lm:Q3,3,16,isotonic,0.1181512176990509,0.0284175593405962,0.18412967026233673,0.267,0.803625,
micro-lm:Q3,3,16,temperature+token-bias,0.07151471078395844,0.017488399520516396,0.1429820954799652,0.225,0.8403000000000002,
micro-lm:Q3,3,16,temperature+token-bias+PCA,0.07373838871717453,0.01820884272456169,0.14520837366580963,0.231,0.8413250000000001,
micro-lm:Q3,3,32,identity,0.12191928178071976,0.02834969013929367,0.18185050785541534,0.2565,0.805575,
micro-lm:Q3,3,32,temperature,0.10343970358371735,0.025058036670088768,0.16831819713115692,0.2565,0.805575,0.8874300321758776
micro-lm:Q3,3,32,temperature+rank,0.10343266193135119,0.025140844380378925,0.1687678774182578,0.252,0.8055500000000001,
micro-lm:Q3,3,32,isotonic,0.11243492364883423,0.026856539770960808,0.17618045210838318,0.2595,0.80205,
micro-lm:Q3,3,32,temperature+token-bias,0.06861291825771332,0.01677687279880047,0.1406697928905487,0.226,0.8436250000000001,
micro-lm:Q3,3,32,temperature+token-bias+PCA,0.06484797596931458,0.015925470739603043,0.13619039952754974,0.22725,0.8516000000000001,
micro-lm:Q3,3,64,identity,0.12191928178071976,0.02834969013929367,0.18185050785541534,0.2565,0.805575,
micro-lm:Q3,3,64,temperature,0.10343919694423676,0.025104815140366554,0.1685783416032791,0.2565,0.805575,0.8823274765109519
micro-lm:Q3,3,64,temperature+rank,0.10310574531427572,0.025112158374179742,0.16893146887987218,0.25975,0.805575,
micro-lm:Q3,3,64,isotonic,0.10853324830532074,0.025988761335611343,0.1726447343826294,0.25925,0.8038750000000001,
micro-lm:Q3,3,64,temperature+token-bias,0.06772197782993317,0.01655781827867031,0.13976067304611206,0.22075,0.8475750000000002,
micro-lm:Q3,3,64,temperature+token-bias+PCA,0.061346329748630524,0.015056769363582134,0.1323869377374649,0.21275,0.8555500000000001,
micro-lm:Q3,4,2,identity,0.12191928178071976,0.02834969013929367,0.18185050785541534,0.2565,0.805575,
micro-lm:Q3,4,2,temperature,0.12970034778118134,0.03273407742381096,0.200424462556839,0.2565,0.805575,0.7552620525114978
micro-lm:Q3,4,2,temperature+rank,0.14281099412685086,0.03603030358879521,0.21366139562494285,0.2565,0.8055500000000001,
micro-lm:Q3,4,2,isotonic,0.19804342091083527,0.0480027012526989,0.2458326369524002,0.34375,0.7990250000000001,
micro-lm:Q3,4,2,temperature+token-bias,0.11413763463497162,0.028622813522815704,0.18680033087730408,0.245,0.8189250000000002,
micro-lm:Q3,4,2,temperature+token-bias+PCA,0.11413763463497162,0.028622813522815704,0.18680034577846527,0.245,0.8189250000000002,
micro-lm:Q3,4,4,identity,0.12191928178071976,0.02834969013929367,0.18185050785541534,0.2565,0.805575,
micro-lm:Q3,4,4,temperature,0.11652574688196182,0.02913854457437992,0.18650826811790466,0.2565,0.805575,0.7925968616382171
micro-lm:Q3,4,4,temperature+rank,0.12170557233977443,0.030478653726580464,0.19384213066550582,0.25725,0.8056000000000001,
micro-lm:Q3,4,4,isotonic,0.12395886331796646,0.030438721179962158,0.19071485102176666,0.273,0.7994250000000002,
micro-lm:Q3,4,4,temperature+token-bias,0.0972808226943016,0.024165667593479156,0.1702701449394226,0.25425,0.8246250000000002,
micro-lm:Q3,4,4,temperature+token-bias+PCA,0.09406086057424545,0.02337927557528019,0.16590026021003723,0.23325,0.8265250000000001,
micro-lm:Q3,4,8,identity,0.12191928178071976,0.02834969013929367,0.18185050785541534,0.2565,0.805575,
micro-lm:Q3,4,8,temperature,0.10511253029108047,0.025796562433242798,0.17195509374141693,0.2565,0.805575,0.8513299859533747
micro-lm:Q3,4,8,temperature+rank,0.10677989723534372,0.02627720948548469,0.17494448671906992,0.2565,0.805575,
micro-lm:Q3,4,8,isotonic,0.11587420850992203,0.028357088565826416,0.18295744061470032,0.26275,0.7993250000000002,
micro-lm:Q3,4,8,temperature+token-bias,0.08191031962633133,0.020044563338160515,0.15350237488746643,0.24125,0.8320750000000001,
micro-lm:Q3,4,8,temperature+token-bias+PCA,0.09931523352861404,0.02417709492146969,0.16742470860481262,0.2605,0.81675,
micro-lm:Q3,4,16,identity,0.12191928178071976,0.02834969013929367,0.18185050785541534,0.2565,0.805575,
micro-lm:Q3,4,16,temperature,0.103584423661232,0.025210723280906677,0.1691189706325531,0.2565,0.805575,0.874629735938454
micro-lm:Q3,4,16,temperature+rank,0.10377971246251635,0.025305886925403698,0.16985623838565028,0.2565,0.805575,
micro-lm:Q3,4,16,isotonic,0.10986042767763138,0.026408258825540543,0.1746126264333725,0.261,0.8019750000000001,
micro-lm:Q3,4,16,temperature+token-bias,0.07514077425003052,0.018422702327370644,0.14831271767616272,0.244,0.8397250000000002,
micro-lm:Q3,4,16,temperature+token-bias+PCA,0.08182547241449356,0.020018436014652252,0.152714341878891,0.262,0.8325250000000001,
micro-lm:Q3,4,32,identity,0.12191928178071976,0.02834969013929367,0.18185050785541534,0.2565,0.805575,
micro-lm:Q3,4,32,temperature,0.10344831645488739,0.02511640265583992,0.16863995790481567,0.2565,0.805575,0.8813067982152893
micro-lm:Q3,4,32,temperature+rank,0.10326190128978296,0.025128761426510635,0.16918109897093644,0.25375,0.805575,
micro-lm:Q3,4,32,isotonic,0.1110256016254425,0.026626350358128548,0.17586131393909454,0.26125,0.8039000000000001,
micro-lm:Q3,4,32,temperature+token-bias,0.06894011050462723,0.016911394894123077,0.14164242148399353,0.22975,0.8434250000000002,
micro-lm:Q3,4,32,temperature+token-bias+PCA,0.0655064657330513,0.016141744330525398,0.1374204456806183,0.2235,0.8444500000000001,
micro-lm:Q3,4,64,identity,0.12191928178071976,0.02834969013929367,0.18185050785541534,0.2565,0.805575,
micro-lm:Q3,4,64,temperature,0.1035090982913971,0.025165874511003494,0.16889308393001556,0.2565,0.805575,0.8775246184677883
micro-lm:Q3,4,64,temperature+rank,0.10429508809572773,0.025476934180647164,0.17140505691418872,0.27125,0.805575,
micro-lm:Q3,4,64,isotonic,0.10761450231075287,0.025909828022122383,0.1720314621925354,0.25775,0.8041000000000001,
micro-lm:Q3,4,64,temperature+token-bias,0.06716764718294144,0.01646944135427475,0.13952746987342834,0.22625,0.8459500000000002,
micro-lm:Q3,4,64,temperature+token-bias+PCA,0.06086476147174835,0.014979373663663864,0.13155245780944824,0.209,0.8535750000000001,
micro-lm:Q3:OOD-uniform,0,16,identity,0.14316141605377197,0.03383846580982208,0.20081880688667297,0.325,0.8093666666666668,
micro-lm:Q3:OOD-uniform,0,16,temperature,0.12816503643989563,0.03125623241066933,0.19367706775665283,0.325,0.8093666666666668,
micro-lm:Q3:OOD-uniform,0,16,temperature+rank,0.12970328395046002,0.03171967131959001,0.19547788138010677,0.31883333333333336,0.8092833333333335,
micro-lm:Q3:OOD-uniform,0,16,isotonic,0.15083789825439453,0.03707178309559822,0.21305762231349945,0.3335,0.8082000000000001,
micro-lm:Q3:OOD-uniform,0,16,temperature+token-bias,0.10827933996915817,0.026358207687735558,0.17822153866291046,0.301,0.82465,
micro-lm:Q3:OOD-uniform,0,16,temperature+token-bias+PCA,0.1307898610830307,0.03171080723404884,0.19482818245887756,0.31966666666666665,0.8076333333333333,
micro-lm:Q3:OOD-uniform,0,64,identity,0.14316141605377197,0.03383846580982208,0.20081880688667297,0.325,0.8093666666666668,
micro-lm:Q3:OOD-uniform,0,64,temperature,0.12825366854667664,0.031310755759477615,0.19395563006401062,0.325,0.8093666666666668,
micro-lm:Q3:OOD-uniform,0,64,temperature+rank,0.12844610716360155,0.031450437810198094,0.19474971019862097,0.32066666666666666,0.80935,
micro-lm:Q3:OOD-uniform,0,64,isotonic,0.13115864992141724,0.03187290579080582,0.1958698332309723,0.32183333333333336,0.8086833333333334,
micro-lm:Q3:OOD-uniform,0,64,temperature+token-bias,0.11469732969999313,0.02784545347094536,0.18276594579219818,0.30733333333333335,0.8222833333333335,
micro-lm:Q3:OOD-uniform,0,64,temperature+token-bias+PCA,0.10778340697288513,0.026381555944681168,0.1782219260931015,0.299,0.8247166666666669,
micro-lm:Q3:OOD-uniform,1,16,identity,0.14316141605377197,0.03383846580982208,0.20081880688667297,0.325,0.8093666666666668,
micro-lm:Q3:OOD-uniform,1,16,temperature,0.1282520890235901,0.03116714023053646,0.19308489561080933,0.325,0.8093666666666668,
micro-lm:Q3:OOD-uniform,1,16,temperature+rank,0.12910857235231202,0.03142827014774555,0.19416430724944037,0.3308333333333333,0.8093833333333333,
micro-lm:Q3:OOD-uniform,1,16,isotonic,0.14320990443229675,0.03510039299726486,0.20687450468540192,0.32816666666666666,0.8079000000000001,
micro-lm:Q3:OOD-uniform,1,16,temperature+token-bias,0.10597902536392212,0.025778865441679955,0.17591699957847595,0.2966666666666667,0.8258000000000002,
micro-lm:Q3:OOD-uniform,1,16,temperature+token-bias+PCA,0.12255097180604935,0.02959340438246727,0.1883007436990738,0.314,0.8152166666666668,
micro-lm:Q3:OOD-uniform,1,64,identity,0.14316141605377197,0.03383846580982208,0.20081880688667297,0.325,0.8093666666666668,
micro-lm:Q3:OOD-uniform,1,64,temperature,0.1281559318304062,0.031248727813363075,0.19363649189472198,0.325,0.8093666666666668,
micro-lm:Q3:OOD-uniform,1,64,temperature+rank,0.12834857744278644,0.03135834185501531,0.19428533144805557,0.31983333333333336,0.8093666666666668,
micro-lm:Q3:OOD-uniform,1,64,isotonic,0.1352839171886444,0.03268617019057274,0.19801223278045654,0.32133333333333336,0.8090000000000002,
micro-lm:Q3:OOD-uniform,1,64,temperature+token-bias,0.11201251298189163,0.02719089202582836,0.18050774931907654,0.306,0.8225500000000002,
micro-lm:Q3:OOD-uniform,1,64,temperature+token-bias+PCA,0.10518069565296173,0.02571788616478443,0.17586201429367065,0.2915,0.8251000000000001,
micro-lm:Q3:OOD-uniform,2,16,identity,0.14316141605377197,0.03383846580982208,0.20081880688667297,0.325,0.8093666666666668,
micro-lm:Q3:OOD-uniform,2,16,temperature,0.12941031157970428,0.03174429386854172,0.19590741395950317,0.325,0.8093666666666668,
micro-lm:Q3:OOD-uniform,2,16,temperature+rank,0.13175737186526135,0.032343423088286145,0.1982685275512133,0.32133333333333336,0.80935,
micro-lm:Q3:OOD-uniform,2,16,isotonic,0.13498152792453766,0.032828230410814285,0.19934789836406708,0.3253333333333333,0.8070500000000002,
micro-lm:Q3:OOD-uniform,2,16,temperature+token-bias,0.11141830682754517,0.027187040075659752,0.18086840212345123,0.30333333333333334,0.8248333333333333,
micro-lm:Q3:OOD-uniform,2,16,temperature+token-bias+PCA,0.12963566184043884,0.03153051808476448,0.19496721029281616,0.32016666666666665,0.8086000000000001,
micro-lm:Q3:OOD-uniform,2,64,identity,0.14316141605377197,0.03383846580982208,0.20081880688667297,0.325,0.8093666666666668,
micro-lm:Q3:OOD-uniform,2,64,temperature,0.12846443057060242,0.03140687569975853,0.1944124400615692,0.325,0.8093666666666668,
micro-lm:Q3:OOD-uniform,2,64,temperature+rank,0.12940885418051326,0.03167909476419733,0.19549820398539486,0.325,0.8093666666666668,
micro-lm:Q3:OOD-uniform,2,64,isotonic,0.1325373351573944,0.03215939179062843,0.19665372371673584,0.324,0.8089833333333333,
micro-lm:Q3:OOD-uniform,2,64,temperature+token-bias,0.11371205747127533,0.027552124112844467,0.18173225224018097,0.30916666666666665,0.8224500000000001,
micro-lm:Q3:OOD-uniform,2,64,temperature+token-bias+PCA,0.11034645885229111,0.026922496035695076,0.17974747717380524,0.2965,0.8231833333333334,
micro-lm:Q3:OOD-uniform,3,16,identity,0.14316141605377197,0.03383846580982208,0.20081880688667297,0.325,0.8093666666666668,
micro-lm:Q3:OOD-uniform,3,16,temperature,0.1281326860189438,0.031220771372318268,0.19347915053367615,0.325,0.8093666666666668,
micro-lm:Q3:OOD-uniform,3,16,temperature+rank,0.12854977963354094,0.03136954663161012,0.1941296521297852,0.32166666666666666,0.8093666666666668,
micro-lm:Q3:OOD-uniform,3,16,isotonic,0.1391279101371765,0.03332424536347389,0.1999758780002594,0.3253333333333333,0.8088000000000002,
micro-lm:Q3:OOD-uniform,3,16,temperature+token-bias,0.10670493543148041,0.026038769632577896,0.17736180126667023,0.2995,0.8280166666666667,
micro-lm:Q3:OOD-uniform,3,16,temperature+token-bias+PCA,0.11915028840303421,0.02916649915277958,0.18694064021110535,0.30816666666666664,0.8141499999999999,
micro-lm:Q3:OOD-uniform,3,64,identity,0.14316141605377197,0.03383846580982208,0.20081880688667297,0.325,0.8093666666666668,
micro-lm:Q3:OOD-uniform,3,64,temperature,0.1281317174434662,0.031218405812978745,0.19346533715724945,0.325,0.8093666666666668,
micro-lm:Q3:OOD-uniform,3,64,temperature+rank,0.12883094598927006,0.0314285322822688,0.194338284045638,0.32016666666666665,0.8093666666666668,
micro-lm:Q3:OOD-uniform,3,64,isotonic,0.13511249423027039,0.032477039843797684,0.19729740917682648,0.324,0.8088500000000001,
micro-lm:Q3:OOD-uniform,3,64,temperature+token-bias,0.11372742056846619,0.027522746473550797,0.18160280585289001,0.30833333333333335,0.8216666666666667,
micro-lm:Q3:OOD-uniform,3,64,temperature+token-bias+PCA,0.1066131517291069,0.026143254712224007,0.17706605792045593,0.28733333333333333,0.8241,
micro-lm:Q3:OOD-uniform,4,16,identity,0.14316141605377197,0.03383846580982208,0.20081880688667297,0.325,0.8093666666666668,
micro-lm:Q3:OOD-uniform,4,16,temperature,0.12840516865253448,0.03116719052195549,0.19299805164337158,0.325,0.8093666666666668,
micro-lm:Q3:OOD-uniform,4,16,temperature+rank,0.12905073169360412,0.03148200961529084,0.19435916694689329,0.32183333333333336,0.8093666666666668,
micro-lm:Q3:OOD-uniform,4,16,isotonic,0.13611748814582825,0.033161722123622894,0.20012731850147247,0.32566666666666666,0.8074833333333334,
micro-lm:Q3:OOD-uniform,4,16,temperature+token-bias,0.10713218152523041,0.026029467582702637,0.17666800320148468,0.2956666666666667,0.8257666666666668,
micro-lm:Q3:OOD-uniform,4,16,temperature+token-bias+PCA,0.12782692909240723,0.0307068582624197,0.19101786613464355,0.31533333333333335,0.8099833333333334,
micro-lm:Q3:OOD-uniform,4,64,identity,0.14316141605377197,0.03383846580982208,0.20081880688667297,0.325,0.8093666666666668,
micro-lm:Q3:OOD-uniform,4,64,temperature,0.12843634188175201,0.031395163387060165,0.1943579465150833,0.325,0.8093666666666668,
micro-lm:Q3:OOD-uniform,4,64,temperature+rank,0.12859921939048066,0.03151759580306905,0.19517188157897128,0.3195,0.8093666666666668,
micro-lm:Q3:OOD-uniform,4,64,isotonic,0.13349296152591705,0.0322522409260273,0.19646060466766357,0.324,0.8093000000000001,
micro-lm:Q3:OOD-uniform,4,64,temperature+token-bias,0.11544964462518692,0.02793583646416664,0.18320903182029724,0.31166666666666665,0.8219666666666668,
micro-lm:Q3:OOD-uniform,4,64,temperature+token-bias+PCA,0.10712452977895737,0.026118068024516106,0.17677290737628937,0.295,0.8261333333333335,
